order_item_id,order_id,product_id,quantity,unit_price,line_total
1,1,34,2,145.93,291.86
2,1,25,2,18.43,36.86
3,2,40,3,298.21,894.63
4,3,6,1,76.78,76.78
5,3,11,3,212.34,637.02
6,3,16,1,208.6,208.6
7,4,19,1,293.1,293.1
8,4,3,3,149.79,449.37
9,4,15,1,163.08,163.08
10,4,30,2,174.35,348.7
11,5,10,1,167.36,167.36
12,5,18,1,86.57,86.57
13,6,29,3,35.26,105.78
14,6,8,2,168.27,336.54
15,6,30,3,174.35,523.05
16,7,29,2,35.26,70.52
17,7,6,3,76.78,230.34
18,7,39,2,284.99,569.98
19,7,3,3,149.79,449.37
20,8,18,3,86.57,259.71
21,9,18,3,86.57,259.71
22,9,12,2,95.45,190.9
23,9,38,1,49.01,49.01
24,9,28,2,261.2,522.4
25,10,11,2,212.34,424.68
26,11,36,2,26.85,53.7
27,11,3,2,149.79,299.58
28,11,30,2,174.35,348.7
29,11,6,1,76.78,76.78
30,12,27,2,283.51,567.02
31,12,4,3,10.09,30.27
32,12,13,2,40.59,81.18
33,12,34,3,145.93,437.79
34,13,19,3,293.1,879.3
35,13,29,2,35.26,70.52
36,14,11,3,212.34,637.02
37,14,20,1,181.05,181.05
38,15,30,1,174.35,174.35
39,16,33,2,79.48,158.96
40,16,18,2,86.57,173.14
41,16,27,1,283.51,283.51
42,17,5,2,70.37,140.74
43,17,18,2,86.57,173.14
44,18,38,2,49.01,98.02
45,18,32,3,59.39,178.17
46,18,10,2,167.36,334.72
47,19,30,3,174.35,523.05
48,19,21,2,250.63,501.26
49,19,13,1,40.59,40.59
50,19,16,2,208.6,417.2
51,20,25,1,18.43,18.43
52,20,10,3,167.36,502.08
53,20,32,3,59.39,178.17
54,20,3,2,149.79,299.58
55,21,1,2,228.66,457.32
56,21,10,2,167.36,334.72
57,21,27,2,283.51,567.02
58,21,5,3,70.37,211.11
59,22,35,3,24.28,72.84
60,22,25,3,18.43,55.29
61,22,21,2,250.63,501.26
62,23,19,3,293.1,879.3
63,23,15,1,163.08,163.08
64,24,29,1,35.26,35.26
65,25,4,2,10.09,20.18
66,25,19,2,293.1,586.2
67,25,23,1,94.17,94.17
68,26,11,1,212.34,212.34
69,26,12,3,95.45,286.35
70,27,15,3,163.08,489.24
71,27,30,2,174.35,348.7
72,28,19,2,293.1,586.2
73,28,35,2,24.28,48.56
74,28,11,3,212.34,637.02
75,28,5,2,70.37,140.74
76,29,20,1,181.05,181.05
77,29,13,1,40.59,40.59
78,29,25,2,18.43,36.86
79,29,31,3,146.22,438.66
80,30,26,2,168.24,336.48
81,31,19,1,293.1,293.1
82,31,15,3,163.08,489.24
83,31,39,1,284.99,284.99
84,31,23,3,94.17,282.51
85,32,20,2,181.05,362.1
86,33,19,2,293.1,586.2
87,34,35,3,24.28,72.84
88,34,24,3,162.57,487.71
89,35,22,1,72.11,72.11
90,35,8,1,168.27,168.27
91,35,30,1,174.35,174.35
92,36,26,1,168.24,168.24
93,37,17,3,68.83,206.49
94,37,38,2,49.01,98.02
95,37,25,1,18.43,18.43
96,38,40,3,298.21,894.63
97,38,15,2,163.08,326.16
98,38,5,3,70.37,211.11
99,39,3,2,149.79,299.58
100,40,25,2,18.43,36.86
101,40,30,3,174.35,523.05
102,41,27,2,283.51,567.02
103,41,7,3,176.56,529.68
104,42,14,2,98.09,196.18
105,42,29,1,35.26,35.26
106,42,16,3,208.6,625.8
107,43,13,1,40.59,40.59
108,43,8,3,168.27,504.81
109,43,30,1,174.35,174.35
110,44,9,1,130.52,130.52
111,44,37,1,207.5,207.5
112,45,22,3,72.11,216.33
113,45,10,1,167.36,167.36
114,46,12,1,95.45,95.45
115,46,8,1,168.27,168.27
116,46,2,2,145.45,290.9
117,47,4,3,10.09,30.27
118,47,9,1,130.52,130.52
119,47,27,3,283.51,850.53
120,48,29,3,35.26,105.78
121,49,30,2,174.35,348.7
122,49,2,2,145.45,290.9
123,49,4,2,10.09,20.18
124,50,5,1,70.37,70.37
125,50,6,1,76.78,76.78
126,50,21,1,250.63,250.63
127,50,39,2,284.99,569.98
128,51,30,2,174.35,348.7
129,51,33,1,79.48,79.48
130,51,39,3,284.99,854.97
131,52,27,2,283.51,567.02
132,52,22,2,72.11,144.22
133,53,17,3,68.83,206.49
134,53,24,2,162.57,325.14
135,53,10,1,167.36,167.36
136,54,24,1,162.57,162.57
137,55,8,3,168.27,504.81
138,55,27,2,283.51,567.02
139,55,23,3,94.17,282.51
140,56,7,1,176.56,176.56
141,56,37,1,207.5,207.5
142,56,33,3,79.48,238.44
143,57,8,1,168.27,168.27
144,57,18,2,86.57,173.14
145,57,37,3,207.5,622.5
146,58,2,3,145.45,436.35
147,58,12,2,95.45,190.9
148,58,18,2,86.57,173.14
149,59,5,3,70.37,211.11
150,59,10,3,167.36,502.08
151,59,2,1,145.45,145.45
152,59,6,2,76.78,153.56
153,60,20,3,181.05,543.15
154,60,21,1,250.63,250.63
155,60,37,1,207.5,207.5
156,61,18,2,86.57,173.14
157,62,27,1,283.51,283.51
158,62,18,2,86.57,173.14
159,62,14,2,98.09,196.18
160,62,33,1,79.48,79.48
161,63,3,3,149.79,449.37
162,63,15,1,163.08,163.08
163,63,26,1,168.24,168.24
164,64,19,1,293.1,293.1
165,64,21,2,250.63,501.26
166,64,8,3,168.27,504.81
167,65,33,3,79.48,238.44
168,65,36,2,26.85,53.7
169,66,2,3,145.45,436.35
170,66,30,2,174.35,348.7
171,66,5,3,70.37,211.11
172,66,21,2,250.63,501.26
173,67,2,2,145.45,290.9
174,67,21,3,250.63,751.89
175,67,11,2,212.34,424.68
176,67,40,1,298.21,298.21
177,68,34,3,145.93,437.79
178,68,6,2,76.78,153.56
179,68,26,1,168.24,168.24
180,68,20,2,181.05,362.1
181,69,34,3,145.93,437.79
182,70,16,1,208.6,208.6
183,70,7,2,176.56,353.12
184,71,12,3,95.45,286.35
185,72,37,2,207.5,415.0
186,72,40,1,298.21,298.21
187,72,21,2,250.63,501.26
188,72,10,2,167.36,334.72
189,73,23,3,94.17,282.51
190,74,4,2,10.09,20.18
191,75,30,2,174.35,348.7
192,75,38,3,49.01,147.03
193,75,36,3,26.85,80.55
194,75,3,1,149.79,149.79
195,76,29,1,35.26,35.26
196,77,3,3,149.79,449.37
197,77,16,2,208.6,417.2
198,78,24,2,162.57,325.14
199,78,19,2,293.1,586.2
200,79,22,1,72.11,72.11
201,80,19,2,293.1,586.2
202,80,17,1,68.83,68.83
203,80,39,3,284.99,854.97
204,80,10,3,167.36,502.08
205,81,9,3,130.52,391.56
206,81,39,2,284.99,569.98
207,81,6,3,76.78,230.34
208,81,20,2,181.05,362.1
209,82,33,1,79.48,79.48
210,82,24,1,162.57,162.57
211,82,2,2,145.45,290.9
212,82,20,2,181.05,362.1
213,83,19,1,293.1,293.1
214,84,40,2,298.21,596.42
215,84,9,1,130.52,130.52
216,84,39,1,284.99,284.99
217,85,27,2,283.51,567.02
218,86,29,1,35.26,35.26
219,86,15,2,163.08,326.16
220,86,35,2,24.28,48.56
221,87,30,3,174.35,523.05
222,87,19,2,293.1,586.2
223,87,25,1,18.43,18.43
224,87,33,1,79.48,79.48
225,88,24,1,162.57,162.57
226,88,36,2,26.85,53.7
227,88,7,1,176.56,176.56
228,88,34,1,145.93,145.93
229,89,6,1,76.78,76.78
230,89,15,2,163.08,326.16
231,89,29,1,35.26,35.26
232,89,23,2,94.17,188.34
233,90,24,1,162.57,162.57
234,91,10,2,167.36,334.72
235,91,9,2,130.52,261.04
236,91,3,3,149.79,449.37
237,92,6,1,76.78,76.78
238,93,8,1,168.27,168.27
239,93,19,1,293.1,293.1
240,93,16,1,208.6,208.6
241,93,20,2,181.05,362.1
242,94,39,3,284.99,854.97
243,94,35,1,24.28,24.28
244,94,2,3,145.45,436.35
245,94,33,1,79.48,79.48
246,95,16,1,208.6,208.6
247,95,37,3,207.5,622.5
248,95,27,3,283.51,850.53
249,96,25,2,18.43,36.86
250,97,23,1,94.17,94.17
251,98,38,3,49.01,147.03
252,99,35,3,24.28,72.84
253,99,22,2,72.11,144.22
254,99,12,3,95.45,286.35
255,100,3,2,149.79,299.58
256,100,19,3,293.1,879.3
257,100,13,2,40.59,81.18
258,100,21,3,250.63,751.89
259,101,19,1,293.1,293.1
260,101,23,3,94.17,282.51
261,102,26,1,168.24,168.24
262,102,29,2,35.26,70.52
263,102,25,3,18.43,55.29
264,102,22,2,72.11,144.22
265,103,6,3,76.78,230.34
266,103,28,2,261.2,522.4
267,103,39,2,284.99,569.98
268,103,12,1,95.45,95.45
269,104,29,1,35.26,35.26
270,104,39,3,284.99,854.97
271,104,28,2,261.2,522.4
272,105,40,3,298.21,894.63
273,105,28,1,261.2,261.2
274,105,18,1,86.57,86.57
275,106,2,3,145.45,436.35
276,106,10,3,167.36,502.08
277,107,24,3,162.57,487.71
278,107,25,1,18.43,18.43
279,108,24,3,162.57,487.71
280,108,29,1,35.26,35.26
281,108,5,3,70.37,211.11
282,109,16,3,208.6,625.8
283,109,8,1,168.27,168.27
284,109,2,2,145.45,290.9
285,110,17,3,68.83,206.49
286,110,29,2,35.26,70.52
287,110,14,3,98.09,294.27
288,111,29,1,35.26,35.26
289,112,23,3,94.17,282.51
290,112,5,2,70.37,140.74
291,112,36,2,26.85,53.7
292,113,8,1,168.27,168.27
293,113,13,1,40.59,40.59
294,114,30,3,174.35,523.05
295,114,36,1,26.85,26.85
296,114,9,1,130.52,130.52
297,115,34,1,145.93,145.93
298,115,27,2,283.51,567.02
299,115,37,3,207.5,622.5
300,115,5,1,70.37,70.37
301,116,9,1,130.52,130.52
302,116,36,1,26.85,26.85
303,116,38,2,49.01,98.02
304,117,20,1,181.05,181.05
305,117,11,2,212.34,424.68
306,118,6,3,76.78,230.34
307,118,17,3,68.83,206.49
308,118,13,2,40.59,81.18
309,119,33,3,79.48,238.44
310,120,37,1,207.5,207.5
311,120,3,1,149.79,149.79
312,120,2,3,145.45,436.35
313,121,40,2,298.21,596.42
314,121,2,3,145.45,436.35
315,121,32,2,59.39,118.78
316,121,35,2,24.28,48.56
317,122,4,1,10.09,10.09
318,123,22,1,72.11,72.11
319,123,39,2,284.99,569.98
320,124,9,1,130.52,130.52
321,124,24,2,162.57,325.14
322,124,33,1,79.48,79.48
323,124,36,2,26.85,53.7
324,125,7,2,176.56,353.12
325,125,4,2,10.09,20.18
326,126,37,1,207.5,207.5
327,126,21,2,250.63,501.26
328,126,13,3,40.59,121.77
329,127,6,2,76.78,153.56
330,128,4,3,10.09,30.27
331,128,19,3,293.1,879.3
332,128,32,3,59.39,178.17
333,129,28,1,261.2,261.2
334,130,26,1,168.24,168.24
335,131,5,2,70.37,140.74
336,131,25,3,18.43,55.29
337,131,33,2,79.48,158.96
338,132,24,1,162.57,162.57
339,132,22,3,72.11,216.33
340,132,36,3,26.85,80.55
341,132,10,2,167.36,334.72
342,133,22,3,72.11,216.33
343,133,31,2,146.22,292.44
344,134,11,3,212.34,637.02
345,134,26,2,168.24,336.48
346,134,40,3,298.21,894.63
347,135,37,2,207.5,415.0
348,135,20,2,181.05,362.1
349,135,31,3,146.22,438.66
350,135,2,1,145.45,145.45
351,136,39,2,284.99,569.98
352,137,11,1,212.34,212.34
353,137,34,3,145.93,437.79
354,137,40,1,298.21,298.21
355,137,25,1,18.43,18.43
356,138,21,2,250.63,501.26
357,138,27,3,283.51,850.53
358,138,10,3,167.36,502.08
359,138,14,2,98.09,196.18
360,139,36,3,26.85,80.55
361,139,21,2,250.63,501.26
362,140,35,3,24.28,72.84
363,140,22,2,72.11,144.22
364,140,23,1,94.17,94.17
365,140,17,1,68.83,68.83
366,141,14,2,98.09,196.18
367,141,32,2,59.39,118.78
368,141,21,3,250.63,751.89
369,142,26,1,168.24,168.24
370,142,23,2,94.17,188.34
371,142,10,3,167.36,502.08
372,142,19,1,293.1,293.1
373,143,14,3,98.09,294.27
374,143,13,3,40.59,121.77
375,143,35,2,24.28,48.56
376,143,18,1,86.57,86.57
377,144,15,1,163.08,163.08
378,144,4,2,10.09,20.18
379,145,1,1,228.66,228.66
380,145,36,2,26.85,53.7
381,146,19,2,293.1,586.2
382,146,21,3,250.63,751.89
383,147,35,1,24.28,24.28
384,147,3,2,149.79,299.58
385,148,19,1,293.1,293.1
386,148,3,2,149.79,299.58
387,149,35,3,24.28,72.84
388,149,34,2,145.93,291.86
389,149,32,2,59.39,118.78
390,149,9,1,130.52,130.52
391,150,17,2,68.83,137.66
392,150,12,3,95.45,286.35
393,150,1,3,228.66,685.98
394,150,22,1,72.11,72.11
395,151,6,1,76.78,76.78
396,151,26,1,168.24,168.24
397,151,7,2,176.56,353.12
398,152,16,2,208.6,417.2
399,152,29,3,35.26,105.78
400,152,18,3,86.57,259.71
401,152,22,3,72.11,216.33
402,153,4,2,10.09,20.18
403,153,8,2,168.27,336.54
404,154,8,3,168.27,504.81
405,154,19,1,293.1,293.1
406,154,24,1,162.57,162.57
407,155,27,3,283.51,850.53
408,155,36,3,26.85,80.55
409,155,31,1,146.22,146.22
410,156,34,2,145.93,291.86
411,157,4,3,10.09,30.27
412,158,11,3,212.34,637.02
413,158,21,2,250.63,501.26
414,159,6,2,76.78,153.56
415,159,33,1,79.48,79.48
416,159,29,3,35.26,105.78
417,159,4,2,10.09,20.18
418,160,2,1,145.45,145.45
419,160,26,3,168.24,504.72
420,160,17,1,68.83,68.83
421,161,5,1,70.37,70.37
422,161,35,2,24.28,48.56
423,161,4,1,10.09,10.09
424,162,24,3,162.57,487.71
425,162,25,3,18.43,55.29
426,162,29,3,35.26,105.78
427,162,6,1,76.78,76.78
428,163,34,1,145.93,145.93
429,163,9,2,130.52,261.04
430,163,15,2,163.08,326.16
431,163,1,3,228.66,685.98
432,164,16,2,208.6,417.2
433,164,30,1,174.35,174.35
434,165,27,3,283.51,850.53
435,166,7,3,176.56,529.68
436,167,16,3,208.6,625.8
437,168,4,3,10.09,30.27
438,168,9,2,130.52,261.04
439,169,16,3,208.6,625.8
440,169,20,3,181.05,543.15
441,169,10,1,167.36,167.36
442,170,28,2,261.2,522.4
443,170,36,1,26.85,26.85
444,171,27,1,283.51,283.51
445,171,10,3,167.36,502.08
446,171,20,2,181.05,362.1
447,171,25,1,18.43,18.43
448,172,4,1,10.09,10.09
449,172,36,2,26.85,53.7
450,172,27,1,283.51,283.51
451,172,34,2,145.93,291.86
452,173,24,1,162.57,162.57
453,173,6,2,76.78,153.56
454,173,35,2,24.28,48.56
455,173,13,3,40.59,121.77
456,174,31,2,146.22,292.44
457,174,14,2,98.09,196.18
458,175,31,1,146.22,146.22
459,176,19,3,293.1,879.3
460,176,25,3,18.43,55.29
461,176,30,2,174.35,348.7
462,177,30,1,174.35,174.35
463,177,7,2,176.56,353.12
464,177,31,2,146.22,292.44
465,177,21,2,250.63,501.26
466,178,17,3,68.83,206.49
467,179,22,2,72.11,144.22
468,179,15,3,163.08,489.24
469,180,17,1,68.83,68.83
470,180,32,3,59.39,178.17
471,180,30,2,174.35,348.7
472,181,12,1,95.45,95.45
473,181,35,1,24.28,24.28
474,181,4,3,10.09,30.27
475,181,34,1,145.93,145.93
476,182,5,1,70.37,70.37
477,182,10,1,167.36,167.36
478,183,32,3,59.39,178.17
479,183,2,2,145.45,290.9
480,183,1,1,228.66,228.66
481,183,35,1,24.28,24.28
482,184,33,3,79.48,238.44
483,185,34,1,145.93,145.93
484,186,23,1,94.17,94.17
485,186,18,2,86.57,173.14
486,186,26,2,168.24,336.48
487,187,6,2,76.78,153.56
488,187,3,2,149.79,299.58
489,187,26,3,168.24,504.72
490,188,6,2,76.78,153.56
491,188,32,3,59.39,178.17
492,189,14,2,98.09,196.18
493,189,37,2,207.5,415.0
494,190,12,2,95.45,190.9
495,191,5,1,70.37,70.37
496,191,20,3,181.05,543.15
497,191,11,2,212.34,424.68
498,191,37,3,207.5,622.5
499,192,6,3,76.78,230.34
500,192,33,2,79.48,158.96
501,193,22,3,72.11,216.33
502,194,29,2,35.26,70.52
503,194,32,3,59.39,178.17
504,194,15,2,163.08,326.16
505,195,6,3,76.78,230.34
506,195,40,1,298.21,298.21
507,195,19,1,293.1,293.1
508,195,16,2,208.6,417.2
509,196,25,2,18.43,36.86
510,196,21,1,250.63,250.63
511,197,18,1,86.57,86.57
512,197,7,1,176.56,176.56
513,197,9,2,130.52,261.04
514,198,6,2,76.78,153.56
515,199,25,2,18.43,36.86
516,199,1,2,228.66,457.32
517,199,19,1,293.1,293.1
518,200,25,1,18.43,18.43
519,200,11,2,212.34,424.68
520,201,11,2,212.34,424.68
521,202,24,2,162.57,325.14
522,203,30,1,174.35,174.35
523,203,7,2,176.56,353.12
524,204,22,1,72.11,72.11
525,204,29,2,35.26,70.52
526,204,28,2,261.2,522.4
527,204,39,3,284.99,854.97
528,205,26,2,168.24,336.48
529,205,21,3,250.63,751.89
530,206,25,2,18.43,36.86
531,206,18,1,86.57,86.57
532,206,26,3,168.24,504.72
533,207,30,3,174.35,523.05
534,208,27,3,283.51,850.53
535,209,17,3,68.83,206.49
536,209,10,2,167.36,334.72
537,210,38,3,49.01,147.03
538,210,26,2,168.24,336.48
539,210,35,3,24.28,72.84
540,210,33,1,79.48,79.48
541,211,7,1,176.56,176.56
542,212,37,3,207.5,622.5
543,213,1,1,228.66,228.66
544,214,29,2,35.26,70.52
545,214,24,2,162.57,325.14
546,215,31,1,146.22,146.22
547,216,23,2,94.17,188.34
548,216,20,2,181.05,362.1
549,217,7,2,176.56,353.12
550,217,29,1,35.26,35.26
551,217,21,3,250.63,751.89
552,217,5,1,70.37,70.37
553,218,16,1,208.6,208.6
554,218,34,3,145.93,437.79
555,219,15,2,163.08,326.16
556,219,26,1,168.24,168.24
557,219,12,3,95.45,286.35
558,219,28,3,261.2,783.6
559,220,1,3,228.66,685.98
560,220,14,1,98.09,98.09
561,220,18,3,86.57,259.71
562,220,5,1,70.37,70.37
563,221,17,3,68.83,206.49
564,222,40,2,298.21,596.42
565,222,26,2,168.24,336.48
566,222,38,2,49.01,98.02
567,222,8,3,168.27,504.81
568,223,9,2,130.52,261.04
569,224,24,3,162.57,487.71
570,224,10,2,167.36,334.72
571,225,12,1,95.45,95.45
572,225,32,2,59.39,118.78
573,225,35,2,24.28,48.56
574,225,36,1,26.85,26.85
575,226,23,1,94.17,94.17
576,227,27,1,283.51,283.51
577,227,32,3,59.39,178.17
578,227,29,1,35.26,35.26
579,227,11,1,212.34,212.34
580,228,11,3,212.34,637.02
581,228,30,2,174.35,348.7
582,228,37,3,207.5,622.5
583,229,35,3,24.28,72.84
584,229,24,2,162.57,325.14
585,229,3,3,149.79,449.37
586,230,20,2,181.05,362.1
587,230,3,2,149.79,299.58
588,231,14,3,98.09,294.27
589,231,38,2,49.01,98.02
590,232,14,3,98.09,294.27
591,232,4,2,10.09,20.18
592,233,21,2,250.63,501.26
593,233,19,3,293.1,879.3
594,234,27,2,283.51,567.02
595,234,4,3,10.09,30.27
596,235,16,1,208.6,208.6
597,235,26,3,168.24,504.72
598,235,32,3,59.39,178.17
599,236,6,2,76.78,153.56
600,237,32,3,59.39,178.17
601,237,21,1,250.63,250.63
602,237,38,3,49.01,147.03
603,237,1,2,228.66,457.32
604,238,14,2,98.09,196.18
605,238,28,2,261.2,522.4
606,238,32,2,59.39,118.78
607,238,18,3,86.57,259.71
608,239,4,3,10.09,30.27
609,239,3,2,149.79,299.58
610,239,7,1,176.56,176.56
611,240,28,1,261.2,261.2
612,241,18,3,86.57,259.71
613,241,6,2,76.78,153.56
614,242,4,3,10.09,30.27
615,242,26,2,168.24,336.48
616,243,7,1,176.56,176.56
617,244,34,1,145.93,145.93
618,244,29,1,35.26,35.26
619,245,31,1,146.22,146.22
620,245,5,2,70.37,140.74
621,246,20,1,181.05,181.05
622,246,9,3,130.52,391.56
623,246,25,3,18.43,55.29
624,247,40,3,298.21,894.63
625,248,10,3,167.36,502.08
626,248,27,3,283.51,850.53
627,249,8,3,168.27,504.81
628,249,38,2,49.01,98.02
629,250,18,1,86.57,86.57
630,250,6,3,76.78,230.34
631,251,14,3,98.09,294.27
632,251,34,1,145.93,145.93
633,251,39,3,284.99,854.97
634,252,32,1,59.39,59.39
635,252,25,1,18.43,18.43
636,253,21,3,250.63,751.89
637,253,9,2,130.52,261.04
638,253,25,2,18.43,36.86
639,254,38,1,49.01,49.01
640,255,26,3,168.24,504.72
641,256,6,2,76.78,153.56
642,256,35,1,24.28,24.28
643,256,40,2,298.21,596.42
644,256,10,1,167.36,167.36
645,257,26,2,168.24,336.48
646,257,38,3,49.01,147.03
647,257,5,2,70.37,140.74
648,258,28,1,261.2,261.2
649,259,8,3,168.27,504.81
650,259,1,1,228.66,228.66
651,260,34,2,145.93,291.86
652,260,17,1,68.83,68.83
653,260,11,3,212.34,637.02
654,261,22,2,72.11,144.22
655,262,32,2,59.39,118.78
656,263,24,2,162.57,325.14
657,263,11,1,212.34,212.34
658,264,3,1,149.79,149.79
659,265,10,3,167.36,502.08
660,265,12,3,95.45,286.35
661,265,3,3,149.79,449.37
662,265,36,2,26.85,53.7
663,266,18,2,86.57,173.14
664,266,5,1,70.37,70.37
665,266,37,3,207.5,622.5
666,267,26,1,168.24,168.24
667,268,36,2,26.85,53.7
668,269,40,2,298.21,596.42
669,269,16,3,208.6,625.8
670,269,30,2,174.35,348.7
671,270,10,2,167.36,334.72
672,270,1,1,228.66,228.66
673,271,22,1,72.11,72.11
674,272,7,1,176.56,176.56
675,272,14,2,98.09,196.18
676,272,34,2,145.93,291.86
677,273,3,1,149.79,149.79
678,274,6,1,76.78,76.78
679,274,38,3,49.01,147.03
680,274,7,2,176.56,353.12
681,274,33,1,79.48,79.48
682,275,16,2,208.6,417.2
683,275,19,2,293.1,586.2
684,276,15,1,163.08,163.08
685,276,5,3,70.37,211.11
686,276,13,1,40.59,40.59
687,277,21,2,250.63,501.26
688,277,27,1,283.51,283.51
689,277,8,2,168.27,336.54
690,277,35,2,24.28,48.56
691,278,20,1,181.05,181.05
692,278,39,1,284.99,284.99
693,279,23,3,94.17,282.51
694,279,26,1,168.24,168.24
695,280,26,2,168.24,336.48
696,281,9,1,130.52,130.52
697,282,26,3,168.24,504.72
698,282,24,3,162.57,487.71
699,283,5,3,70.37,211.11
700,283,2,2,145.45,290.9
701,283,13,1,40.59,40.59
702,284,4,3,10.09,30.27
703,284,11,2,212.34,424.68
704,284,37,2,207.5,415.0
705,284,28,1,261.2,261.2
706,285,12,2,95.45,190.9
707,285,18,2,86.57,173.14
708,286,19,2,293.1,586.2
709,286,32,3,59.39,178.17
710,287,9,1,130.52,130.52
711,287,27,3,283.51,850.53
712,287,13,3,40.59,121.77
713,287,34,1,145.93,145.93
714,288,23,2,94.17,188.34
715,288,37,2,207.5,415.0
716,288,33,1,79.48,79.48
717,288,21,1,250.63,250.63
718,289,31,3,146.22,438.66
719,290,16,3,208.6,625.8
720,290,18,3,86.57,259.71
721,291,12,2,95.45,190.9
722,291,16,3,208.6,625.8
723,291,38,3,49.01,147.03
724,292,37,2,207.5,415.0
725,292,10,3,167.36,502.08
726,292,13,2,40.59,81.18
727,293,15,3,163.08,489.24
728,294,22,3,72.11,216.33
729,295,21,1,250.63,250.63
730,295,4,1,10.09,10.09
731,296,5,3,70.37,211.11
732,296,24,1,162.57,162.57
733,296,26,2,168.24,336.48
734,297,32,3,59.39,178.17
735,297,21,3,250.63,751.89
736,297,12,2,95.45,190.9
737,297,36,1,26.85,26.85
738,298,9,3,130.52,391.56
739,298,12,3,95.45,286.35
740,298,1,2,228.66,457.32
741,299,40,1,298.21,298.21
742,299,15,2,163.08,326.16
743,299,37,1,207.5,207.5
744,300,11,2,212.34,424.68
745,300,6,1,76.78,76.78
746,300,22,2,72.11,144.22
747,301,17,1,68.83,68.83
748,301,7,2,176.56,353.12
749,301,1,2,228.66,457.32
750,302,25,2,18.43,36.86
751,302,23,3,94.17,282.51
752,302,35,3,24.28,72.84
753,302,7,3,176.56,529.68
754,303,19,1,293.1,293.1
755,304,11,3,212.34,637.02
756,304,25,1,18.43,18.43
757,304,5,2,70.37,140.74
758,305,11,1,212.34,212.34
759,305,39,2,284.99,569.98
760,305,28,1,261.2,261.2
761,305,4,1,10.09,10.09
762,306,16,2,208.6,417.2
763,306,7,3,176.56,529.68
764,306,4,3,10.09,30.27
765,307,28,1,261.2,261.2
766,308,14,1,98.09,98.09
767,309,20,2,181.05,362.1
768,310,35,2,24.28,48.56
769,311,29,2,35.26,70.52
770,311,3,2,149.79,299.58
771,312,10,3,167.36,502.08
772,313,35,1,24.28,24.28
773,313,27,3,283.51,850.53
774,313,38,1,49.01,49.01
775,314,37,1,207.5,207.5
776,314,16,2,208.6,417.2
777,314,31,3,146.22,438.66
778,314,20,1,181.05,181.05
779,315,8,1,168.27,168.27
780,315,29,1,35.26,35.26
781,316,6,3,76.78,230.34
782,316,28,2,261.2,522.4
783,316,13,2,40.59,81.18
784,316,10,3,167.36,502.08
785,317,36,2,26.85,53.7
786,317,21,1,250.63,250.63
787,317,18,3,86.57,259.71
788,317,34,3,145.93,437.79
789,318,10,1,167.36,167.36
790,318,37,3,207.5,622.5
791,318,38,1,49.01,49.01
792,318,7,2,176.56,353.12
793,319,32,1,59.39,59.39
794,319,37,1,207.5,207.5
795,319,39,2,284.99,569.98
796,319,31,2,146.22,292.44
797,320,16,2,208.6,417.2
798,320,4,2,10.09,20.18
799,320,31,1,146.22,146.22
800,321,7,3,176.56,529.68
801,321,15,2,163.08,326.16
802,321,9,2,130.52,261.04
803,321,20,2,181.05,362.1
804,322,13,2,40.59,81.18
805,323,4,1,10.09,10.09
806,323,33,2,79.48,158.96
807,323,11,3,212.34,637.02
808,324,12,1,95.45,95.45
809,325,4,2,10.09,20.18
810,325,24,2,162.57,325.14
811,325,13,3,40.59,121.77
812,325,18,2,86.57,173.14
813,326,24,3,162.57,487.71
814,326,32,2,59.39,118.78
815,327,23,3,94.17,282.51
816,327,11,3,212.34,637.02
817,327,17,1,68.83,68.83
818,328,37,1,207.5,207.5
819,328,14,3,98.09,294.27
820,329,33,1,79.48,79.48
821,329,2,3,145.45,436.35
822,329,1,1,228.66,228.66
823,329,31,3,146.22,438.66
824,330,18,2,86.57,173.14
825,330,28,2,261.2,522.4
826,330,25,2,18.43,36.86
827,331,38,3,49.01,147.03
828,331,7,2,176.56,353.12
829,331,1,3,228.66,685.98
830,331,33,3,79.48,238.44
831,332,31,1,146.22,146.22
832,333,17,1,68.83,68.83
833,333,20,3,181.05,543.15
834,333,13,1,40.59,40.59
835,334,2,2,145.45,290.9
836,334,32,2,59.39,118.78
837,335,38,3,49.01,147.03
838,336,35,3,24.28,72.84
839,336,31,2,146.22,292.44
840,337,19,2,293.1,586.2
841,337,7,1,176.56,176.56
842,338,22,1,72.11,72.11
843,338,6,2,76.78,153.56
844,339,17,2,68.83,137.66
845,339,38,1,49.01,49.01
846,339,19,2,293.1,586.2
847,340,25,3,18.43,55.29
848,341,13,2,40.59,81.18
849,341,22,3,72.11,216.33
850,342,6,2,76.78,153.56
851,342,32,3,59.39,178.17
852,343,29,2,35.26,70.52
853,344,6,3,76.78,230.34
854,344,9,2,130.52,261.04
855,344,40,2,298.21,596.42
856,344,28,2,261.2,522.4
857,345,24,2,162.57,325.14
858,345,1,3,228.66,685.98
859,346,15,2,163.08,326.16
860,346,23,1,94.17,94.17
861,347,11,2,212.34,424.68
862,347,5,2,70.37,140.74
863,347,3,2,149.79,299.58
864,348,28,2,261.2,522.4
865,348,9,2,130.52,261.04
866,348,22,1,72.11,72.11
867,349,9,3,130.52,391.56
868,349,14,1,98.09,98.09
869,350,3,3,149.79,449.37
870,350,25,3,18.43,55.29
871,350,17,1,68.83,68.83
872,351,4,3,10.09,30.27
873,352,36,2,26.85,53.7
874,353,20,2,181.05,362.1
875,354,40,2,298.21,596.42
876,354,39,1,284.99,284.99
877,354,9,3,130.52,391.56
878,355,32,1,59.39,59.39
879,356,23,2,94.17,188.34
880,356,27,1,283.51,283.51
881,357,22,1,72.11,72.11
882,357,16,3,208.6,625.8
883,357,1,3,228.66,685.98
884,357,6,2,76.78,153.56
885,358,17,3,68.83,206.49
886,359,4,2,10.09,20.18
887,359,7,2,176.56,353.12
888,359,12,3,95.45,286.35
889,359,3,2,149.79,299.58
890,360,9,3,130.52,391.56
891,361,40,2,298.21,596.42
892,361,18,1,86.57,86.57
893,361,6,1,76.78,76.78
894,361,24,2,162.57,325.14
895,362,27,3,283.51,850.53
896,362,11,3,212.34,637.02
897,362,8,1,168.27,168.27
898,362,9,1,130.52,130.52
899,363,12,3,95.45,286.35
900,363,40,1,298.21,298.21
901,363,25,3,18.43,55.29
902,363,23,3,94.17,282.51
903,364,29,3,35.26,105.78
904,364,3,2,149.79,299.58
905,364,5,1,70.37,70.37
906,364,17,3,68.83,206.49
907,365,22,3,72.11,216.33
908,365,34,3,145.93,437.79
909,366,31,3,146.22,438.66
910,366,23,3,94.17,282.51
911,367,1,3,228.66,685.98
912,368,5,2,70.37,140.74
913,368,32,1,59.39,59.39
914,369,36,2,26.85,53.7
915,369,25,1,18.43,18.43
916,370,6,1,76.78,76.78
917,370,32,2,59.39,118.78
918,370,29,3,35.26,105.78
919,370,21,3,250.63,751.89
920,371,36,3,26.85,80.55
921,372,33,3,79.48,238.44
922,372,36,3,26.85,80.55
923,372,14,2,98.09,196.18
924,373,22,2,72.11,144.22
925,373,36,3,26.85,80.55
926,373,40,3,298.21,894.63
927,373,39,2,284.99,569.98
928,374,1,2,228.66,457.32
929,374,22,3,72.11,216.33
930,375,3,1,149.79,149.79
931,376,7,1,176.56,176.56
932,376,17,1,68.83,68.83
933,376,40,2,298.21,596.42
934,376,13,1,40.59,40.59
935,377,27,1,283.51,283.51
936,378,32,3,59.39,178.17
937,378,1,3,228.66,685.98
938,379,38,3,49.01,147.03
939,379,12,1,95.45,95.45
940,380,33,3,79.48,238.44
941,380,25,3,18.43,55.29
942,380,27,1,283.51,283.51
943,381,9,2,130.52,261.04
944,381,27,3,283.51,850.53
945,381,39,3,284.99,854.97
946,381,33,2,79.48,158.96
947,382,23,3,94.17,282.51
948,382,9,3,130.52,391.56
949,382,12,3,95.45,286.35
950,383,36,3,26.85,80.55
951,383,31,3,146.22,438.66
952,383,38,3,49.01,147.03
953,384,34,1,145.93,145.93
954,385,13,2,40.59,81.18
955,386,10,1,167.36,167.36
956,386,4,3,10.09,30.27
957,386,19,1,293.1,293.1
958,387,36,1,26.85,26.85
959,387,25,3,18.43,55.29
960,388,25,2,18.43,36.86
961,389,17,1,68.83,68.83
962,390,38,1,49.01,49.01
963,390,35,3,24.28,72.84
964,390,39,1,284.99,284.99
965,391,12,1,95.45,95.45
966,392,28,2,261.2,522.4
967,393,1,3,228.66,685.98
968,393,22,1,72.11,72.11
969,393,30,1,174.35,174.35
970,394,32,2,59.39,118.78
971,394,37,1,207.5,207.5
972,394,36,3,26.85,80.55
973,395,33,1,79.48,79.48
974,396,15,2,163.08,326.16
975,396,14,2,98.09,196.18
976,396,22,2,72.11,144.22
977,397,8,3,168.27,504.81
978,398,3,2,149.79,299.58
979,398,21,1,250.63,250.63
980,399,2,3,145.45,436.35
981,399,34,3,145.93,437.79
982,399,24,2,162.57,325.14
983,400,21,1,250.63,250.63
984,400,33,1,79.48,79.48
985,401,14,3,98.09,294.27
986,402,14,3,98.09,294.27
987,403,2,3,145.45,436.35
988,403,30,2,174.35,348.7
989,404,17,1,68.83,68.83
990,404,36,3,26.85,80.55
991,405,26,2,168.24,336.48
992,405,28,3,261.2,783.6
993,405,21,1,250.63,250.63
994,405,2,3,145.45,436.35
995,406,5,2,70.37,140.74
996,407,39,2,284.99,569.98
997,407,6,2,76.78,153.56
998,407,19,2,293.1,586.2
999,408,9,3,130.52,391.56
1000,408,26,2,168.24,336.48
1001,409,1,1,228.66,228.66
1002,409,36,1,26.85,26.85
1003,409,10,1,167.36,167.36
1004,410,20,1,181.05,181.05
1005,411,11,1,212.34,212.34
1006,411,12,3,95.45,286.35
1007,412,36,2,26.85,53.7
1008,413,17,1,68.83,68.83
1009,414,16,2,208.6,417.2
1010,414,7,3,176.56,529.68
1011,415,22,1,72.11,72.11
1012,415,40,3,298.21,894.63
1013,415,20,3,181.05,543.15
1014,415,38,2,49.01,98.02
1015,416,16,2,208.6,417.2
1016,416,15,2,163.08,326.16
1017,416,28,1,261.2,261.2
1018,417,23,1,94.17,94.17
1019,417,20,1,181.05,181.05
1020,417,32,3,59.39,178.17
1021,417,36,3,26.85,80.55
1022,418,17,3,68.83,206.49
1023,418,5,1,70.37,70.37
1024,419,38,2,49.01,98.02
1025,419,14,3,98.09,294.27
1026,419,3,3,149.79,449.37
1027,419,36,2,26.85,53.7
1028,420,38,1,49.01,49.01
1029,420,19,2,293.1,586.2
1030,421,33,3,79.48,238.44
1031,421,1,3,228.66,685.98
1032,421,16,1,208.6,208.6
1033,422,12,3,95.45,286.35
1034,422,37,3,207.5,622.5
1035,423,32,1,59.39,59.39
1036,423,15,2,163.08,326.16
1037,424,34,2,145.93,291.86
1038,424,24,2,162.57,325.14
1039,425,7,3,176.56,529.68
1040,425,34,2,145.93,291.86
1041,425,18,3,86.57,259.71
1042,426,24,2,162.57,325.14
1043,426,38,2,49.01,98.02
1044,426,5,1,70.37,70.37
1045,426,34,3,145.93,437.79
1046,427,39,2,284.99,569.98
1047,427,1,1,228.66,228.66
1048,427,33,1,79.48,79.48
1049,427,9,1,130.52,130.52
1050,428,11,3,212.34,637.02
1051,428,24,3,162.57,487.71
1052,429,31,3,146.22,438.66
1053,430,27,1,283.51,283.51
1054,430,2,1,145.45,145.45
1055,431,37,1,207.5,207.5
1056,432,39,1,284.99,284.99
1057,432,37,1,207.5,207.5
1058,432,2,2,145.45,290.9
1059,432,19,3,293.1,879.3
1060,433,39,3,284.99,854.97
1061,433,10,3,167.36,502.08
1062,433,38,3,49.01,147.03
1063,433,12,2,95.45,190.9
1064,434,15,2,163.08,326.16
1065,435,34,3,145.93,437.79
1066,435,33,2,79.48,158.96
1067,436,35,3,24.28,72.84
1068,437,39,1,284.99,284.99
1069,437,35,3,24.28,72.84
1070,438,3,1,149.79,149.79
1071,438,34,2,145.93,291.86
1072,438,28,2,261.2,522.4
1073,439,31,2,146.22,292.44
1074,439,15,3,163.08,489.24
1075,439,6,3,76.78,230.34
1076,440,37,3,207.5,622.5
1077,441,21,2,250.63,501.26
1078,441,27,1,283.51,283.51
1079,442,17,3,68.83,206.49
1080,442,35,2,24.28,48.56
1081,442,28,3,261.2,783.6
1082,443,12,2,95.45,190.9
1083,443,24,2,162.57,325.14
1084,443,36,3,26.85,80.55
1085,443,31,2,146.22,292.44
1086,444,15,2,163.08,326.16
1087,445,22,1,72.11,72.11
1088,445,36,2,26.85,53.7
1089,445,40,3,298.21,894.63
1090,445,4,1,10.09,10.09
1091,446,6,2,76.78,153.56
1092,446,5,1,70.37,70.37
1093,446,17,3,68.83,206.49
1094,446,15,1,163.08,163.08
1095,447,39,3,284.99,854.97
1096,447,4,2,10.09,20.18
1097,447,12,2,95.45,190.9
1098,448,13,3,40.59,121.77
1099,448,3,3,149.79,449.37
1100,448,39,3,284.99,854.97
1101,449,16,1,208.6,208.6
1102,449,1,2,228.66,457.32
1103,449,11,2,212.34,424.68
1104,450,34,3,145.93,437.79
1105,450,1,3,228.66,685.98
1106,451,23,3,94.17,282.51
1107,451,18,1,86.57,86.57
1108,451,15,2,163.08,326.16
1109,452,33,3,79.48,238.44
1110,452,7,2,176.56,353.12
1111,452,36,2,26.85,53.7
1112,452,5,1,70.37,70.37
1113,453,29,2,35.26,70.52
1114,453,25,1,18.43,18.43
1115,453,37,2,207.5,415.0
1116,454,31,1,146.22,146.22
1117,455,15,2,163.08,326.16
1118,455,21,2,250.63,501.26
1119,456,16,2,208.6,417.2
1120,456,19,3,293.1,879.3
1121,456,6,3,76.78,230.34
1122,457,21,2,250.63,501.26
1123,457,23,1,94.17,94.17
1124,457,14,3,98.09,294.27
1125,457,37,3,207.5,622.5
1126,458,16,1,208.6,208.6
1127,458,17,1,68.83,68.83
1128,459,7,1,176.56,176.56
1129,459,8,3,168.27,504.81
1130,460,31,2,146.22,292.44
1131,461,32,2,59.39,118.78
1132,461,12,2,95.45,190.9
1133,461,33,1,79.48,79.48
1134,462,31,2,146.22,292.44
1135,462,35,2,24.28,48.56
1136,462,3,3,149.79,449.37
1137,462,33,1,79.48,79.48
1138,463,21,3,250.63,751.89
1139,463,1,1,228.66,228.66
1140,463,14,2,98.09,196.18
1141,463,25,2,18.43,36.86
1142,464,16,3,208.6,625.8
1143,464,18,2,86.57,173.14
1144,464,31,2,146.22,292.44
1145,465,24,1,162.57,162.57
1146,465,26,3,168.24,504.72
1147,465,18,1,86.57,86.57
1148,465,29,3,35.26,105.78
1149,466,16,2,208.6,417.2
1150,466,36,1,26.85,26.85
1151,466,28,1,261.2,261.2
1152,467,27,1,283.51,283.51
1153,467,32,3,59.39,178.17
1154,468,20,1,181.05,181.05
1155,468,17,2,68.83,137.66
1156,468,36,1,26.85,26.85
1157,468,37,3,207.5,622.5
1158,469,7,2,176.56,353.12
1159,469,29,2,35.26,70.52
1160,469,22,3,72.11,216.33
1161,469,17,3,68.83,206.49
1162,470,23,3,94.17,282.51
1163,471,19,2,293.1,586.2
1164,471,23,3,94.17,282.51
1165,472,25,3,18.43,55.29
1166,473,22,3,72.11,216.33
1167,473,27,3,283.51,850.53
1168,474,22,2,72.11,144.22
1169,474,15,2,163.08,326.16
1170,475,18,3,86.57,259.71
1171,475,29,2,35.26,70.52
1172,475,24,2,162.57,325.14
1173,475,38,1,49.01,49.01
1174,476,17,1,68.83,68.83
1175,476,6,1,76.78,76.78
1176,477,36,3,26.85,80.55
1177,477,4,1,10.09,10.09
1178,477,2,1,145.45,145.45
1179,477,26,2,168.24,336.48
1180,478,20,2,181.05,362.1
1181,478,15,3,163.08,489.24
1182,478,16,1,208.6,208.6
1183,478,19,1,293.1,293.1
1184,479,21,3,250.63,751.89
1185,479,31,2,146.22,292.44
1186,479,30,3,174.35,523.05
1187,480,38,2,49.01,98.02
1188,480,39,3,284.99,854.97
1189,481,23,1,94.17,94.17
1190,481,31,1,146.22,146.22
1191,481,35,2,24.28,48.56
1192,482,20,1,181.05,181.05
1193,482,1,3,228.66,685.98
1194,483,35,2,24.28,48.56
1195,483,1,1,228.66,228.66
1196,483,32,2,59.39,118.78
1197,483,31,2,146.22,292.44
1198,484,13,2,40.59,81.18
1199,484,27,2,283.51,567.02
1200,484,36,1,26.85,26.85
1201,485,6,3,76.78,230.34
1202,485,28,3,261.2,783.6
1203,485,16,3,208.6,625.8
1204,486,27,1,283.51,283.51
1205,486,13,1,40.59,40.59
1206,486,5,2,70.37,140.74
1207,487,40,2,298.21,596.42
1208,487,32,1,59.39,59.39
1209,487,13,1,40.59,40.59
1210,488,19,2,293.1,586.2
1211,489,6,1,76.78,76.78
1212,489,10,2,167.36,334.72
1213,490,24,1,162.57,162.57
1214,490,30,1,174.35,174.35
1215,490,3,1,149.79,149.79
1216,490,22,2,72.11,144.22
1217,491,12,1,95.45,95.45
1218,491,13,1,40.59,40.59
1219,491,17,3,68.83,206.49
1220,491,25,1,18.43,18.43
1221,492,13,2,40.59,81.18
1222,493,31,3,146.22,438.66
1223,493,25,2,18.43,36.86
1224,494,36,3,26.85,80.55
1225,495,13,3,40.59,121.77
1226,495,24,1,162.57,162.57
1227,495,4,1,10.09,10.09
1228,496,18,1,86.57,86.57
1229,496,38,2,49.01,98.02
1230,497,39,1,284.99,284.99
1231,497,10,1,167.36,167.36
1232,497,24,2,162.57,325.14
1233,497,6,1,76.78,76.78
1234,498,23,3,94.17,282.51
1235,499,15,2,163.08,326.16
1236,499,21,3,250.63,751.89
1237,499,36,1,26.85,26.85
1238,499,23,1,94.17,94.17
1239,500,17,2,68.83,137.66
1240,500,3,3,149.79,449.37
1241,501,13,2,40.59,81.18
1242,501,37,2,207.5,415.0
1243,501,12,3,95.45,286.35
1244,501,35,2,24.28,48.56
1245,502,29,2,35.26,70.52
1246,502,19,3,293.1,879.3
1247,503,12,3,95.45,286.35
1248,503,2,1,145.45,145.45
1249,503,40,2,298.21,596.42
1250,503,24,3,162.57,487.71
1251,504,36,2,26.85,53.7
1252,504,10,2,167.36,334.72
1253,504,40,3,298.21,894.63
1254,504,19,2,293.1,586.2
1255,505,3,1,149.79,149.79
1256,506,13,3,40.59,121.77
1257,506,7,2,176.56,353.12
1258,506,3,3,149.79,449.37
1259,506,37,2,207.5,415.0
1260,507,39,1,284.99,284.99
1261,507,5,1,70.37,70.37
1262,508,24,3,162.57,487.71
1263,509,40,2,298.21,596.42
1264,510,5,1,70.37,70.37
1265,510,14,1,98.09,98.09
1266,510,34,3,145.93,437.79
1267,511,34,3,145.93,437.79
1268,511,16,3,208.6,625.8
1269,512,30,1,174.35,174.35
1270,512,28,1,261.2,261.2
1271,512,7,3,176.56,529.68
1272,513,35,2,24.28,48.56
1273,513,39,2,284.99,569.98
1274,514,21,3,250.63,751.89
1275,514,39,1,284.99,284.99
1276,514,16,2,208.6,417.2
1277,514,37,3,207.5,622.5
1278,515,26,3,168.24,504.72
1279,515,1,1,228.66,228.66
1280,515,3,3,149.79,449.37
1281,515,19,1,293.1,293.1
1282,516,21,3,250.63,751.89
1283,516,2,2,145.45,290.9
1284,517,7,2,176.56,353.12
1285,517,3,2,149.79,299.58
1286,518,15,2,163.08,326.16
1287,518,17,1,68.83,68.83
1288,519,21,2,250.63,501.26
1289,520,39,3,284.99,854.97
1290,521,6,2,76.78,153.56
1291,521,4,2,10.09,20.18
1292,521,22,1,72.11,72.11
1293,521,23,1,94.17,94.17
1294,522,4,2,10.09,20.18
1295,522,20,3,181.05,543.15
1296,522,34,3,145.93,437.79
1297,522,3,1,149.79,149.79
1298,523,4,2,10.09,20.18
1299,523,26,3,168.24,504.72
1300,524,19,2,293.1,586.2
1301,524,26,1,168.24,168.24
1302,524,10,2,167.36,334.72
1303,524,9,3,130.52,391.56
1304,525,6,2,76.78,153.56
1305,525,26,3,168.24,504.72
1306,525,33,1,79.48,79.48
1307,526,32,3,59.39,178.17
1308,526,26,3,168.24,504.72
1309,527,18,2,86.57,173.14
1310,528,28,2,261.2,522.4
1311,528,24,2,162.57,325.14
1312,528,23,3,94.17,282.51
1313,528,13,3,40.59,121.77
1314,529,40,1,298.21,298.21
1315,529,10,1,167.36,167.36
1316,529,29,3,35.26,105.78
1317,529,3,2,149.79,299.58
1318,530,16,3,208.6,625.8
1319,531,20,2,181.05,362.1
1320,532,14,3,98.09,294.27
1321,532,35,2,24.28,48.56
1322,533,2,3,145.45,436.35
1323,533,25,3,18.43,55.29
1324,534,19,1,293.1,293.1
1325,535,5,2,70.37,140.74
1326,536,7,3,176.56,529.68
1327,536,2,2,145.45,290.9
1328,536,19,1,293.1,293.1
1329,537,32,1,59.39,59.39
1330,537,39,1,284.99,284.99
1331,537,35,1,24.28,24.28
1332,538,3,1,149.79,149.79
1333,539,11,1,212.34,212.34
1334,539,2,3,145.45,436.35
1335,539,23,2,94.17,188.34
1336,539,20,1,181.05,181.05
1337,540,15,2,163.08,326.16
1338,540,10,3,167.36,502.08
1339,540,22,1,72.11,72.11
1340,541,27,3,283.51,850.53
1341,541,16,1,208.6,208.6
1342,542,35,3,24.28,72.84
1343,542,9,3,130.52,391.56
1344,542,14,1,98.09,98.09
1345,542,38,1,49.01,49.01
1346,543,37,2,207.5,415.0
1347,543,11,1,212.34,212.34
1348,544,21,3,250.63,751.89
1349,544,10,1,167.36,167.36
1350,545,29,1,35.26,35.26
1351,545,18,1,86.57,86.57
1352,545,10,1,167.36,167.36
1353,546,39,1,284.99,284.99
1354,546,37,3,207.5,622.5
1355,546,40,1,298.21,298.21
1356,547,9,3,130.52,391.56
1357,547,33,3,79.48,238.44
1358,547,39,2,284.99,569.98
1359,547,31,1,146.22,146.22
1360,548,13,1,40.59,40.59
1361,548,15,2,163.08,326.16
1362,549,13,1,40.59,40.59
1363,549,14,1,98.09,98.09
1364,550,16,3,208.6,625.8
1365,550,28,3,261.2,783.6
1366,550,26,2,168.24,336.48
1367,550,3,3,149.79,449.37
1368,551,34,1,145.93,145.93
1369,552,3,3,149.79,449.37
1370,552,36,1,26.85,26.85
1371,552,25,1,18.43,18.43
1372,552,34,2,145.93,291.86
1373,553,11,1,212.34,212.34
1374,553,28,3,261.2,783.6
1375,553,19,3,293.1,879.3
1376,553,40,1,298.21,298.21
1377,554,12,3,95.45,286.35
1378,555,29,2,35.26,70.52
1379,555,2,3,145.45,436.35
1380,555,12,3,95.45,286.35
1381,556,11,1,212.34,212.34
1382,556,8,3,168.27,504.81
1383,556,6,2,76.78,153.56
1384,557,33,3,79.48,238.44
1385,557,40,2,298.21,596.42
1386,557,11,1,212.34,212.34
1387,557,25,1,18.43,18.43
1388,558,4,2,10.09,20.18
1389,558,27,2,283.51,567.02
1390,559,8,1,168.27,168.27
1391,559,9,1,130.52,130.52
1392,560,32,2,59.39,118.78
1393,560,35,1,24.28,24.28
1394,560,1,1,228.66,228.66
1395,560,39,3,284.99,854.97
1396,561,6,3,76.78,230.34
1397,561,39,2,284.99,569.98
1398,561,1,3,228.66,685.98
1399,561,16,3,208.6,625.8
1400,562,4,1,10.09,10.09
1401,562,23,1,94.17,94.17
1402,563,7,2,176.56,353.12
1403,564,30,2,174.35,348.7
1404,564,38,1,49.01,49.01
1405,565,5,2,70.37,140.74
1406,565,28,1,261.2,261.2
1407,565,36,1,26.85,26.85
1408,565,19,3,293.1,879.3
1409,566,14,1,98.09,98.09
1410,566,40,1,298.21,298.21
1411,567,28,2,261.2,522.4
1412,567,39,3,284.99,854.97
1413,567,21,3,250.63,751.89
1414,568,34,1,145.93,145.93
1415,568,32,3,59.39,178.17
1416,568,12,2,95.45,190.9
1417,568,40,1,298.21,298.21
1418,569,14,3,98.09,294.27
1419,570,36,3,26.85,80.55
1420,570,14,1,98.09,98.09
1421,570,1,3,228.66,685.98
1422,571,33,1,79.48,79.48
1423,571,36,1,26.85,26.85
1424,571,21,3,250.63,751.89
1425,572,12,1,95.45,95.45
1426,573,3,3,149.79,449.37
1427,573,9,2,130.52,261.04
1428,573,31,3,146.22,438.66
1429,573,10,2,167.36,334.72
1430,574,37,3,207.5,622.5
1431,574,21,1,250.63,250.63
1432,574,36,1,26.85,26.85
1433,575,18,2,86.57,173.14
1434,575,2,2,145.45,290.9
1435,576,12,3,95.45,286.35
1436,576,39,2,284.99,569.98
1437,576,8,3,168.27,504.81
1438,576,20,1,181.05,181.05
1439,577,24,2,162.57,325.14
1440,577,29,1,35.26,35.26
1441,578,3,2,149.79,299.58
1442,578,13,3,40.59,121.77
1443,578,6,1,76.78,76.78
1444,579,31,2,146.22,292.44
1445,579,34,1,145.93,145.93
1446,579,20,1,181.05,181.05
1447,580,30,2,174.35,348.7
1448,581,3,2,149.79,299.58
1449,581,39,2,284.99,569.98
1450,581,6,1,76.78,76.78
1451,582,2,3,145.45,436.35
1452,582,37,1,207.5,207.5
1453,582,20,2,181.05,362.1
1454,583,29,1,35.26,35.26
1455,583,8,1,168.27,168.27
1456,583,18,2,86.57,173.14
1457,584,14,3,98.09,294.27
1458,585,37,1,207.5,207.5
1459,585,16,2,208.6,417.2
1460,585,11,3,212.34,637.02
1461,586,31,3,146.22,438.66
1462,587,28,2,261.2,522.4
1463,588,22,1,72.11,72.11
1464,588,13,2,40.59,81.18
1465,588,35,3,24.28,72.84
1466,589,30,2,174.35,348.7
1467,590,10,2,167.36,334.72
1468,590,40,2,298.21,596.42
1469,591,21,1,250.63,250.63
1470,591,30,1,174.35,174.35
1471,591,32,2,59.39,118.78
1472,592,19,3,293.1,879.3
1473,592,23,3,94.17,282.51
1474,593,21,3,250.63,751.89
1475,594,26,3,168.24,504.72
1476,594,38,1,49.01,49.01
1477,594,27,3,283.51,850.53
1478,594,16,1,208.6,208.6
1479,595,38,2,49.01,98.02
1480,595,28,3,261.2,783.6
1481,596,37,2,207.5,415.0
1482,597,29,1,35.26,35.26
1483,598,39,2,284.99,569.98
1484,599,6,1,76.78,76.78
1485,600,29,2,35.26,70.52
1486,600,35,2,24.28,48.56
1487,601,20,3,181.05,543.15
1488,601,37,2,207.5,415.0
1489,601,28,1,261.2,261.2
1490,602,9,3,130.52,391.56
1491,602,19,1,293.1,293.1
1492,602,4,1,10.09,10.09
1493,602,24,3,162.57,487.71
1494,603,16,2,208.6,417.2
1495,604,26,1,168.24,168.24
1496,604,25,3,18.43,55.29
1497,604,28,1,261.2,261.2
1498,604,35,2,24.28,48.56
1499,605,27,3,283.51,850.53
1500,605,10,1,167.36,167.36
1501,605,19,1,293.1,293.1
1502,606,32,1,59.39,59.39
1503,606,28,1,261.2,261.2
1504,607,40,2,298.21,596.42
1505,607,12,3,95.45,286.35
1506,607,30,2,174.35,348.7
1507,607,33,2,79.48,158.96
1508,608,37,2,207.5,415.0
1509,609,27,2,283.51,567.02
1510,609,35,1,24.28,24.28
1511,609,37,1,207.5,207.5
1512,610,38,2,49.01,98.02
1513,611,30,3,174.35,523.05
1514,611,34,3,145.93,437.79
1515,611,6,1,76.78,76.78
1516,612,35,3,24.28,72.84
1517,613,31,2,146.22,292.44
1518,614,27,2,283.51,567.02
1519,614,23,1,94.17,94.17
1520,614,19,1,293.1,293.1
1521,615,4,1,10.09,10.09
1522,615,31,3,146.22,438.66
1523,615,38,1,49.01,49.01
1524,616,19,2,293.1,586.2
1525,617,17,2,68.83,137.66
1526,617,9,2,130.52,261.04
1527,617,40,2,298.21,596.42
1528,618,29,1,35.26,35.26
1529,618,24,2,162.57,325.14
1530,619,22,1,72.11,72.11
1531,620,16,3,208.6,625.8
1532,620,29,3,35.26,105.78
1533,620,11,2,212.34,424.68
1534,620,14,1,98.09,98.09
1535,621,30,2,174.35,348.7
1536,621,26,2,168.24,336.48
1537,622,31,2,146.22,292.44
1538,622,17,1,68.83,68.83
1539,622,10,2,167.36,334.72
1540,622,34,2,145.93,291.86
1541,623,7,3,176.56,529.68
1542,624,22,2,72.11,144.22
1543,624,18,3,86.57,259.71
1544,624,7,3,176.56,529.68
1545,625,38,3,49.01,147.03
1546,625,13,2,40.59,81.18
1547,626,1,1,228.66,228.66
1548,627,29,2,35.26,70.52
1549,628,2,3,145.45,436.35
1550,629,39,3,284.99,854.97
1551,629,8,1,168.27,168.27
1552,630,8,2,168.27,336.54
1553,630,12,2,95.45,190.9
1554,631,28,1,261.2,261.2
1555,631,21,1,250.63,250.63
1556,631,17,2,68.83,137.66
1557,632,4,2,10.09,20.18
1558,632,17,1,68.83,68.83
1559,632,12,2,95.45,190.9
1560,633,7,1,176.56,176.56
1561,633,10,3,167.36,502.08
1562,633,35,3,24.28,72.84
1563,633,28,1,261.2,261.2
1564,634,5,3,70.37,211.11
1565,635,10,2,167.36,334.72
1566,635,1,1,228.66,228.66
1567,635,3,3,149.79,449.37
1568,635,25,2,18.43,36.86
1569,636,31,3,146.22,438.66
1570,636,28,1,261.2,261.2
1571,636,26,1,168.24,168.24
1572,636,5,2,70.37,140.74
1573,637,22,1,72.11,72.11
1574,637,20,3,181.05,543.15
1575,637,26,3,168.24,504.72
1576,638,30,2,174.35,348.7
1577,639,25,3,18.43,55.29
1578,640,23,2,94.17,188.34
1579,641,3,1,149.79,149.79
1580,641,13,3,40.59,121.77
1581,642,35,3,24.28,72.84
1582,643,3,2,149.79,299.58
1583,644,8,3,168.27,504.81
1584,644,14,3,98.09,294.27
1585,644,34,1,145.93,145.93
1586,644,30,3,174.35,523.05
1587,645,32,2,59.39,118.78
1588,645,2,3,145.45,436.35
1589,646,1,3,228.66,685.98
1590,646,12,1,95.45,95.45
1591,647,38,1,49.01,49.01
1592,647,5,1,70.37,70.37
1593,648,22,3,72.11,216.33
1594,648,26,3,168.24,504.72
1595,648,21,3,250.63,751.89
1596,648,8,1,168.27,168.27
1597,649,22,1,72.11,72.11
1598,649,5,2,70.37,140.74
1599,650,36,1,26.85,26.85
1600,650,11,3,212.34,637.02
1601,650,29,1,35.26,35.26
1602,651,11,1,212.34,212.34
1603,651,2,1,145.45,145.45
1604,651,32,1,59.39,59.39
1605,651,6,1,76.78,76.78
1606,652,9,3,130.52,391.56
1607,652,14,2,98.09,196.18
1608,652,10,2,167.36,334.72
1609,652,18,1,86.57,86.57
1610,653,40,2,298.21,596.42
1611,653,6,1,76.78,76.78
1612,653,20,3,181.05,543.15
1613,653,23,1,94.17,94.17
1614,654,35,2,24.28,48.56
1615,654,33,3,79.48,238.44
1616,654,15,3,163.08,489.24
1617,655,10,3,167.36,502.08
1618,656,4,3,10.09,30.27
1619,657,22,1,72.11,72.11
1620,657,40,1,298.21,298.21
1621,657,30,3,174.35,523.05
1622,658,32,3,59.39,178.17
1623,659,38,3,49.01,147.03
1624,659,21,3,250.63,751.89
1625,659,27,2,283.51,567.02
1626,659,13,1,40.59,40.59
1627,660,16,3,208.6,625.8
1628,661,31,3,146.22,438.66
1629,662,40,1,298.21,298.21
1630,662,30,2,174.35,348.7
1631,663,23,1,94.17,94.17
1632,663,18,2,86.57,173.14
1633,664,18,1,86.57,86.57
1634,665,22,2,72.11,144.22
1635,665,15,3,163.08,489.24
1636,666,6,3,76.78,230.34
1637,666,27,2,283.51,567.02
1638,667,28,3,261.2,783.6
1639,668,38,3,49.01,147.03
1640,668,10,1,167.36,167.36
1641,669,28,3,261.2,783.6
1642,670,32,1,59.39,59.39
1643,670,16,3,208.6,625.8
1644,670,6,3,76.78,230.34
1645,670,36,2,26.85,53.7
1646,671,6,2,76.78,153.56
1647,671,2,3,145.45,436.35
1648,672,30,2,174.35,348.7
1649,673,24,3,162.57,487.71
1650,673,30,3,174.35,523.05
1651,674,34,2,145.93,291.86
1652,674,3,2,149.79,299.58
1653,674,19,3,293.1,879.3
1654,675,4,1,10.09,10.09
1655,675,33,1,79.48,79.48
1656,675,24,2,162.57,325.14
1657,676,24,3,162.57,487.71
1658,676,12,1,95.45,95.45
1659,676,36,3,26.85,80.55
1660,677,35,3,24.28,72.84
1661,677,8,2,168.27,336.54
1662,678,23,3,94.17,282.51
1663,678,18,2,86.57,173.14
1664,678,33,2,79.48,158.96
1665,679,32,2,59.39,118.78
1666,679,33,3,79.48,238.44
1667,679,34,3,145.93,437.79
1668,679,8,3,168.27,504.81
1669,680,5,1,70.37,70.37
1670,680,13,1,40.59,40.59
1671,680,30,2,174.35,348.7
1672,681,18,3,86.57,259.71
1673,681,8,1,168.27,168.27
1674,682,19,2,293.1,586.2
1675,683,29,1,35.26,35.26
1676,683,2,1,145.45,145.45
1677,683,19,1,293.1,293.1
1678,683,13,3,40.59,121.77
1679,684,21,3,250.63,751.89
1680,684,32,3,59.39,178.17
1681,684,38,3,49.01,147.03
1682,685,20,2,181.05,362.1
1683,685,11,1,212.34,212.34
1684,686,23,2,94.17,188.34
1685,686,19,1,293.1,293.1
1686,687,12,1,95.45,95.45
1687,687,10,1,167.36,167.36
1688,687,11,1,212.34,212.34
1689,688,12,3,95.45,286.35
1690,688,14,1,98.09,98.09
1691,688,36,3,26.85,80.55
1692,689,35,1,24.28,24.28
1693,689,11,2,212.34,424.68
1694,689,20,2,181.05,362.1
1695,689,8,1,168.27,168.27
1696,690,19,3,293.1,879.3
1697,690,31,1,146.22,146.22
1698,690,37,3,207.5,622.5
1699,691,31,1,146.22,146.22
1700,692,40,1,298.21,298.21
1701,692,15,2,163.08,326.16
1702,692,29,1,35.26,35.26
1703,692,23,3,94.17,282.51
1704,693,18,1,86.57,86.57
1705,693,13,1,40.59,40.59
1706,694,33,2,79.48,158.96
1707,695,24,2,162.57,325.14
1708,696,1,2,228.66,457.32
1709,696,19,2,293.1,586.2
1710,696,23,2,94.17,188.34
1711,697,27,3,283.51,850.53
1712,697,29,2,35.26,70.52
1713,697,19,3,293.1,879.3
1714,697,11,2,212.34,424.68
1715,698,31,1,146.22,146.22
1716,698,34,3,145.93,437.79
1717,698,22,2,72.11,144.22
1718,699,27,2,283.51,567.02
1719,699,12,3,95.45,286.35
1720,699,36,3,26.85,80.55
1721,700,19,2,293.1,586.2
1722,700,36,3,26.85,80.55
1723,700,32,2,59.39,118.78
1724,700,3,2,149.79,299.58
1725,701,10,2,167.36,334.72
1726,702,27,3,283.51,850.53
1727,702,12,3,95.45,286.35
1728,702,32,1,59.39,59.39
1729,703,39,3,284.99,854.97
1730,704,31,3,146.22,438.66
1731,704,8,3,168.27,504.81
1732,704,24,3,162.57,487.71
1733,705,10,2,167.36,334.72
1734,706,18,2,86.57,173.14
1735,707,34,1,145.93,145.93
1736,707,5,3,70.37,211.11
1737,707,33,1,79.48,79.48
1738,708,21,3,250.63,751.89
1739,708,20,3,181.05,543.15
1740,708,18,3,86.57,259.71
1741,709,10,3,167.36,502.08
1742,709,1,2,228.66,457.32
1743,709,9,2,130.52,261.04
1744,710,7,1,176.56,176.56
1745,710,14,3,98.09,294.27
1746,711,27,2,283.51,567.02
1747,712,23,2,94.17,188.34
1748,712,20,3,181.05,543.15
1749,712,24,3,162.57,487.71
1750,712,9,2,130.52,261.04
1751,713,15,1,163.08,163.08
1752,714,9,2,130.52,261.04
1753,714,14,3,98.09,294.27
1754,714,6,1,76.78,76.78
1755,715,13,1,40.59,40.59
1756,716,8,2,168.27,336.54
1757,716,17,3,68.83,206.49
1758,716,3,1,149.79,149.79
1759,716,5,1,70.37,70.37
1760,717,23,1,94.17,94.17
1761,717,2,1,145.45,145.45
1762,718,11,1,212.34,212.34
1763,718,33,3,79.48,238.44
1764,718,40,3,298.21,894.63
1765,719,13,1,40.59,40.59
1766,719,19,3,293.1,879.3
1767,720,24,3,162.57,487.71
1768,720,38,1,49.01,49.01
1769,720,12,1,95.45,95.45
1770,720,29,2,35.26,70.52
1771,721,27,2,283.51,567.02
1772,721,8,1,168.27,168.27
1773,722,24,1,162.57,162.57
1774,722,19,2,293.1,586.2
1775,722,36,2,26.85,53.7
1776,722,3,1,149.79,149.79
1777,723,29,2,35.26,70.52
1778,723,15,2,163.08,326.16
1779,723,36,2,26.85,53.7
1780,724,12,3,95.45,286.35
1781,724,1,1,228.66,228.66
1782,724,32,2,59.39,118.78
1783,725,8,1,168.27,168.27
1784,726,11,1,212.34,212.34
1785,727,8,2,168.27,336.54
1786,727,15,3,163.08,489.24
1787,727,28,3,261.2,783.6
1788,727,32,3,59.39,178.17
1789,728,32,2,59.39,118.78
1790,728,33,1,79.48,79.48
1791,728,18,1,86.57,86.57
1792,728,10,2,167.36,334.72
1793,729,2,3,145.45,436.35
1794,729,7,1,176.56,176.56
1795,730,25,3,18.43,55.29
1796,730,39,2,284.99,569.98
1797,731,5,3,70.37,211.11
1798,732,19,2,293.1,586.2
1799,732,32,3,59.39,178.17
1800,733,3,2,149.79,299.58
1801,734,29,3,35.26,105.78
1802,734,30,3,174.35,523.05
1803,734,3,2,149.79,299.58
1804,734,12,3,95.45,286.35
1805,735,25,3,18.43,55.29
1806,735,32,3,59.39,178.17
1807,735,8,2,168.27,336.54
1808,736,33,2,79.48,158.96
1809,736,4,2,10.09,20.18
1810,737,19,1,293.1,293.1
1811,737,21,3,250.63,751.89
1812,737,4,1,10.09,10.09
1813,738,22,2,72.11,144.22
1814,739,23,3,94.17,282.51
1815,739,4,1,10.09,10.09
1816,739,16,3,208.6,625.8
1817,739,20,1,181.05,181.05
1818,740,35,2,24.28,48.56
1819,741,18,1,86.57,86.57
1820,741,2,2,145.45,290.9
1821,741,31,2,146.22,292.44
1822,741,38,3,49.01,147.03
1823,742,7,3,176.56,529.68
1824,742,14,3,98.09,294.27
1825,742,22,2,72.11,144.22
1826,742,32,1,59.39,59.39
1827,743,32,3,59.39,178.17
1828,743,5,1,70.37,70.37
1829,744,15,1,163.08,163.08
1830,744,40,3,298.21,894.63
1831,744,6,2,76.78,153.56
1832,744,38,2,49.01,98.02
1833,745,23,3,94.17,282.51
1834,745,5,2,70.37,140.74
1835,746,13,2,40.59,81.18
1836,746,27,3,283.51,850.53
1837,746,26,3,168.24,504.72
1838,747,37,1,207.5,207.5
1839,747,32,3,59.39,178.17
1840,748,37,2,207.5,415.0
1841,748,4,2,10.09,20.18
1842,748,34,1,145.93,145.93
1843,748,13,1,40.59,40.59
1844,749,5,2,70.37,140.74
1845,749,14,2,98.09,196.18
1846,749,27,3,283.51,850.53
1847,750,26,1,168.24,168.24
1848,750,16,1,208.6,208.6
1849,751,32,1,59.39,59.39
1850,751,36,1,26.85,26.85
1851,751,28,2,261.2,522.4
1852,751,3,1,149.79,149.79
1853,752,3,1,149.79,149.79
1854,752,32,1,59.39,59.39
1855,753,27,2,283.51,567.02
1856,754,16,3,208.6,625.8
1857,754,8,3,168.27,504.81
1858,755,32,3,59.39,178.17
1859,755,6,1,76.78,76.78
1860,755,16,2,208.6,417.2
1861,756,28,1,261.2,261.2
1862,756,14,1,98.09,98.09
1863,757,17,3,68.83,206.49
1864,757,38,2,49.01,98.02
1865,757,4,3,10.09,30.27
1866,757,32,1,59.39,59.39
1867,758,18,2,86.57,173.14
1868,758,10,2,167.36,334.72
1869,759,4,3,10.09,30.27
1870,760,20,1,181.05,181.05
1871,760,24,2,162.57,325.14
1872,760,8,2,168.27,336.54
1873,760,35,1,24.28,24.28
1874,761,20,1,181.05,181.05
1875,761,14,2,98.09,196.18
1876,762,18,1,86.57,86.57
1877,763,22,3,72.11,216.33
1878,763,28,2,261.2,522.4
1879,763,7,3,176.56,529.68
1880,763,11,1,212.34,212.34
1881,764,30,3,174.35,523.05
1882,764,2,3,145.45,436.35
1883,764,4,1,10.09,10.09
1884,765,26,1,168.24,168.24
1885,766,8,1,168.27,168.27
1886,767,39,2,284.99,569.98
1887,767,27,2,283.51,567.02
1888,768,19,2,293.1,586.2
1889,768,13,2,40.59,81.18
1890,768,6,1,76.78,76.78
1891,769,2,3,145.45,436.35
1892,770,17,1,68.83,68.83
1893,770,11,2,212.34,424.68
1894,771,6,1,76.78,76.78
1895,771,24,3,162.57,487.71
1896,772,30,3,174.35,523.05
1897,772,32,1,59.39,59.39
1898,772,8,1,168.27,168.27
1899,772,15,2,163.08,326.16
1900,773,14,2,98.09,196.18
1901,773,39,1,284.99,284.99
1902,773,19,2,293.1,586.2
1903,773,13,1,40.59,40.59
1904,774,16,1,208.6,208.6
1905,774,24,1,162.57,162.57
1906,774,38,2,49.01,98.02
1907,774,30,1,174.35,174.35
1908,775,28,1,261.2,261.2
1909,775,39,3,284.99,854.97
1910,775,17,1,68.83,68.83
1911,775,5,1,70.37,70.37
1912,776,1,2,228.66,457.32
1913,777,9,3,130.52,391.56
1914,777,36,1,26.85,26.85
1915,777,3,2,149.79,299.58
1916,778,9,2,130.52,261.04
1917,778,6,1,76.78,76.78
1918,778,21,2,250.63,501.26
1919,778,34,1,145.93,145.93
1920,779,24,2,162.57,325.14
1921,779,28,3,261.2,783.6
1922,779,19,2,293.1,586.2
1923,780,32,3,59.39,178.17
1924,780,10,3,167.36,502.08
1925,780,36,2,26.85,53.7
1926,781,12,2,95.45,190.9
1927,781,3,2,149.79,299.58
1928,782,3,2,149.79,299.58
1929,782,29,2,35.26,70.52
1930,782,23,2,94.17,188.34
1931,782,36,1,26.85,26.85
1932,783,14,2,98.09,196.18
1933,784,37,3,207.5,622.5
1934,784,38,1,49.01,49.01
1935,784,14,3,98.09,294.27
1936,785,32,2,59.39,118.78
1937,785,7,1,176.56,176.56
1938,786,21,1,250.63,250.63
1939,787,30,2,174.35,348.7
1940,787,18,1,86.57,86.57
1941,787,39,3,284.99,854.97
1942,787,1,3,228.66,685.98
1943,788,14,3,98.09,294.27
1944,788,4,2,10.09,20.18
1945,789,6,1,76.78,76.78
1946,789,26,2,168.24,336.48
1947,789,17,1,68.83,68.83
1948,789,12,1,95.45,95.45
1949,790,10,2,167.36,334.72
1950,790,8,2,168.27,336.54
1951,790,20,3,181.05,543.15
1952,791,24,3,162.57,487.71
1953,792,18,1,86.57,86.57
1954,792,37,2,207.5,415.0
1955,792,39,2,284.99,569.98
1956,792,28,3,261.2,783.6
1957,793,3,3,149.79,449.37
1958,794,32,3,59.39,178.17
1959,794,34,3,145.93,437.79
1960,795,6,1,76.78,76.78
1961,795,31,3,146.22,438.66
1962,795,20,2,181.05,362.1
1963,795,10,1,167.36,167.36
1964,796,36,1,26.85,26.85
1965,797,27,2,283.51,567.02
1966,797,7,2,176.56,353.12
1967,797,30,2,174.35,348.7
1968,797,37,3,207.5,622.5
1969,798,12,2,95.45,190.9
1970,798,26,3,168.24,504.72
1971,798,3,2,149.79,299.58
1972,798,6,2,76.78,153.56
1973,799,22,1,72.11,72.11
1974,799,12,1,95.45,95.45
1975,799,14,3,98.09,294.27
1976,800,35,1,24.28,24.28
1977,800,2,1,145.45,145.45
1978,800,1,1,228.66,228.66
1979,800,26,3,168.24,504.72
