order_id,customer_id,order_date,status,order_total
1,31,2025-03-02 19:00:00,cancelled,328.72
2,77,2025-03-15 09:00:00,cancelled,894.63
3,26,2024-07-31 20:00:00,completed,922.4
4,41,2024-01-03 13:00:00,completed,1254.25
5,161,2024-07-21 13:00:00,completed,253.93
6,16,2024-06-18 09:00:00,cancelled,965.37
7,104,2024-10-05 16:00:00,cancelled,1320.21
8,65,2024-01-27 02:00:00,completed,259.71
9,11,2024-06-28 15:00:00,cancelled,1022.02
10,90,2025-02-22 10:00:00,completed,424.68
11,106,2025-05-22 09:00:00,refunded,778.76
12,198,2025-02-17 16:00:00,completed,1116.26
13,114,2024-02-22 06:00:00,completed,949.82
14,32,2024-01-30 20:00:00,cancelled,818.07
15,142,2025-02-21 02:00:00,completed,174.35
16,166,2024-06-06 15:00:00,refunded,615.61
17,117,2024-05-28 12:00:00,completed,313.88
18,130,2024-09-30 00:00:00,completed,610.91
19,89,2024-12-06 17:00:00,cancelled,1482.1
20,12,2024-11-21 23:00:00,completed,998.26
21,26,2025-03-26 03:00:00,cancelled,1570.17
22,178,2025-02-11 20:00:00,completed,629.39
23,139,2024-02-06 19:00:00,completed,1042.38
24,112,2024-04-10 20:00:00,refunded,35.26
25,178,2024-11-02 00:00:00,completed,700.55
26,63,2025-06-27 13:00:00,cancelled,498.69
27,98,2024-09-03 15:00:00,cancelled,837.94
28,118,2024-09-18 21:00:00,completed,1412.52
29,164,2025-03-10 22:00:00,completed,697.16
30,92,2024-10-29 22:00:00,completed,336.48
31,3,2024-02-20 19:00:00,refunded,1349.84
32,65,2024-05-20 20:00:00,completed,362.1
33,9,2025-01-08 23:00:00,completed,586.2
34,192,2025-03-01 05:00:00,completed,560.55
35,70,2024-06-17 08:00:00,completed,414.73
36,174,2025-02-10 17:00:00,completed,168.24
37,68,2025-07-03 03:00:00,completed,322.94
38,173,2024-08-27 15:00:00,completed,1431.9
39,78,2025-02-22 03:00:00,completed,299.58
40,127,2024-04-28 03:00:00,completed,559.91
41,191,2025-03-05 18:00:00,refunded,1096.7
42,105,2024-10-13 01:00:00,refunded,857.24
43,95,2025-01-02 01:00:00,completed,719.75
44,165,2024-01-22 01:00:00,completed,338.02
45,196,2024-07-31 18:00:00,completed,383.69
46,71,2024-05-28 04:00:00,cancelled,554.62
47,61,2024-11-27 00:00:00,completed,1011.32
48,17,2025-05-02 14:00:00,completed,105.78
49,57,2024-02-14 23:00:00,refunded,659.78
50,176,2024-04-20 15:00:00,refunded,967.76
51,160,2024-11-28 12:00:00,cancelled,1283.15
52,30,2024-08-08 13:00:00,completed,711.24
53,107,2024-04-07 10:00:00,completed,698.99
54,24,2024-03-28 02:00:00,completed,162.57
55,143,2024-03-02 18:00:00,cancelled,1354.34
56,14,2024-10-21 19:00:00,completed,622.5
57,124,2024-08-17 03:00:00,completed,963.91
58,197,2024-01-27 19:00:00,refunded,800.39
59,90,2024-01-07 05:00:00,completed,1012.2
60,108,2025-04-09 10:00:00,completed,1001.28
61,40,2024-06-10 19:00:00,completed,173.14
62,170,2025-03-10 15:00:00,cancelled,732.31
63,73,2025-05-13 16:00:00,refunded,780.69
64,53,2024-11-04 06:00:00,completed,1299.17
65,111,2024-06-28 04:00:00,completed,292.14
66,19,2025-02-10 23:00:00,completed,1497.42
67,182,2025-03-03 09:00:00,completed,1765.68
68,112,2024-04-18 07:00:00,completed,1121.69
69,200,2024-06-21 02:00:00,cancelled,437.79
70,50,2024-12-23 11:00:00,refunded,561.72
71,51,2024-06-26 19:00:00,completed,286.35
72,127,2025-04-20 18:00:00,cancelled,1549.19
73,162,2024-11-06 08:00:00,cancelled,282.51
74,19,2024-11-13 14:00:00,completed,20.18
75,74,2024-03-19 20:00:00,completed,726.07
76,83,2025-05-02 16:00:00,completed,35.26
77,88,2024-03-27 16:00:00,refunded,866.57
78,113,2025-06-20 16:00:00,cancelled,911.34
79,199,2024-12-12 21:00:00,cancelled,72.11
80,85,2024-04-06 17:00:00,refunded,2012.08
81,37,2024-12-24 09:00:00,refunded,1553.98
82,33,2025-06-23 02:00:00,refunded,895.05
83,50,2024-08-19 04:00:00,completed,293.1
84,130,2025-06-23 01:00:00,refunded,1011.93
85,47,2024-06-18 23:00:00,completed,567.02
86,174,2024-08-31 14:00:00,cancelled,409.98
87,50,2025-01-11 21:00:00,cancelled,1207.16
88,155,2024-05-21 08:00:00,completed,538.76
89,70,2025-04-05 16:00:00,completed,626.54
90,129,2025-01-17 07:00:00,completed,162.57
91,8,2024-11-22 03:00:00,refunded,1045.13
92,36,2025-04-25 14:00:00,cancelled,76.78
93,66,2024-08-08 04:00:00,cancelled,1032.07
94,164,2025-04-13 02:00:00,completed,1395.08
95,75,2025-03-15 00:00:00,cancelled,1681.63
96,22,2025-06-20 11:00:00,completed,36.86
97,12,2025-01-31 11:00:00,completed,94.17
98,89,2024-09-03 23:00:00,refunded,147.03
99,194,2024-12-06 04:00:00,completed,503.41
100,123,2024-07-05 04:00:00,completed,2011.95
101,122,2024-09-16 01:00:00,refunded,575.61
102,85,2024-10-06 03:00:00,completed,438.27
103,95,2025-06-15 08:00:00,completed,1418.17
104,21,2024-12-01 21:00:00,completed,1412.63
105,90,2025-04-02 01:00:00,refunded,1242.4
106,172,2025-02-19 11:00:00,cancelled,938.43
107,113,2024-02-05 04:00:00,completed,506.14
108,155,2024-06-06 21:00:00,completed,734.08
109,94,2025-02-11 10:00:00,refunded,1084.97
110,133,2025-01-31 17:00:00,completed,571.28
111,126,2024-07-23 03:00:00,completed,35.26
112,183,2025-03-31 02:00:00,refunded,476.95
113,41,2024-06-27 11:00:00,cancelled,208.86
114,127,2024-01-27 11:00:00,cancelled,680.42
115,80,2025-02-11 22:00:00,refunded,1405.82
116,116,2025-04-22 21:00:00,cancelled,255.39
117,129,2024-02-26 03:00:00,cancelled,605.73
118,182,2024-08-18 11:00:00,cancelled,518.01
119,33,2024-11-06 19:00:00,cancelled,238.44
120,44,2024-06-06 05:00:00,refunded,793.64
121,198,2024-09-28 20:00:00,completed,1200.11
122,63,2025-02-19 09:00:00,completed,10.09
123,113,2025-03-01 15:00:00,completed,642.09
124,184,2024-11-22 23:00:00,completed,588.84
125,32,2024-09-30 14:00:00,completed,373.3
126,158,2025-03-04 07:00:00,completed,830.53
127,120,2025-05-25 09:00:00,completed,153.56
128,130,2025-04-13 07:00:00,completed,1087.74
129,121,2024-10-19 17:00:00,completed,261.2
130,68,2025-01-09 12:00:00,completed,168.24
131,146,2024-07-18 11:00:00,cancelled,354.99
132,160,2024-05-01 04:00:00,completed,794.17
133,129,2024-02-11 01:00:00,completed,508.77
134,39,2025-06-11 04:00:00,completed,1868.13
135,87,2025-06-03 16:00:00,cancelled,1361.21
136,107,2024-11-11 23:00:00,refunded,569.98
137,68,2024-08-21 23:00:00,completed,966.77
138,147,2024-04-22 06:00:00,completed,2050.05
139,189,2024-03-04 22:00:00,completed,581.81
140,135,2025-01-20 10:00:00,completed,380.06
141,72,2024-11-01 07:00:00,completed,1066.85
142,185,2024-10-07 09:00:00,completed,1151.76
143,89,2025-03-28 20:00:00,completed,551.17
144,28,2024-09-02 07:00:00,completed,183.26
145,85,2025-04-28 03:00:00,refunded,282.36
146,168,2025-05-02 15:00:00,refunded,1338.09
147,16,2024-04-01 20:00:00,cancelled,323.86
148,46,2024-02-07 12:00:00,completed,592.68
149,146,2024-04-19 10:00:00,completed,614.0
150,29,2024-12-04 05:00:00,refunded,1182.1
151,45,2025-02-19 13:00:00,cancelled,598.14
152,83,2024-09-11 00:00:00,completed,999.02
153,3,2024-09-24 20:00:00,completed,356.72
154,41,2025-02-19 21:00:00,cancelled,960.48
155,35,2025-05-04 04:00:00,completed,1077.3
156,196,2024-09-10 21:00:00,cancelled,291.86
157,136,2025-01-05 02:00:00,cancelled,30.27
158,130,2024-07-26 18:00:00,cancelled,1138.28
159,30,2024-07-29 22:00:00,cancelled,359.0
160,117,2024-02-29 17:00:00,completed,719.0
161,149,2024-03-15 01:00:00,completed,129.02
162,74,2025-02-22 05:00:00,completed,725.56
163,168,2024-12-22 03:00:00,completed,1419.11
164,185,2025-03-10 17:00:00,completed,591.55
165,71,2024-07-12 23:00:00,completed,850.53
166,197,2024-01-17 07:00:00,completed,529.68
167,9,2025-04-02 19:00:00,refunded,625.8
168,12,2025-02-15 14:00:00,completed,291.31
169,60,2024-11-22 18:00:00,cancelled,1336.31
170,106,2024-11-03 08:00:00,completed,549.25
171,89,2025-01-25 16:00:00,completed,1166.12
172,58,2024-11-03 22:00:00,completed,639.16
173,53,2024-12-04 20:00:00,completed,486.46
174,155,2024-02-10 02:00:00,completed,488.62
175,4,2024-08-04 06:00:00,refunded,146.22
176,179,2024-07-28 12:00:00,completed,1283.29
177,79,2024-09-24 11:00:00,cancelled,1321.17
178,12,2024-08-14 23:00:00,completed,206.49
179,150,2025-03-03 09:00:00,completed,633.46
180,63,2025-05-26 17:00:00,refunded,595.7
181,44,2024-05-23 23:00:00,cancelled,295.93
182,196,2024-01-07 13:00:00,completed,237.73
183,130,2025-04-11 11:00:00,completed,722.01
184,136,2024-10-08 17:00:00,completed,238.44
185,173,2025-03-16 05:00:00,completed,145.93
186,62,2024-07-15 19:00:00,cancelled,603.79
187,118,2024-09-06 22:00:00,completed,957.86
188,122,2024-02-27 20:00:00,completed,331.73
189,85,2024-04-07 16:00:00,completed,611.18
190,12,2024-03-17 21:00:00,completed,190.9
191,5,2024-07-31 18:00:00,completed,1660.7
192,139,2024-12-05 12:00:00,refunded,389.3
193,14,2024-04-10 13:00:00,completed,216.33
194,197,2025-02-10 10:00:00,completed,574.85
195,111,2024-07-09 21:00:00,cancelled,1238.85
196,40,2025-01-24 22:00:00,refunded,287.49
197,24,2024-01-06 09:00:00,completed,524.17
198,115,2025-06-08 13:00:00,completed,153.56
199,142,2024-04-05 19:00:00,cancelled,787.28
200,186,2024-09-05 18:00:00,cancelled,443.11
201,78,2024-10-01 15:00:00,completed,424.68
202,71,2025-03-07 09:00:00,completed,325.14
203,64,2025-05-22 19:00:00,cancelled,527.47
204,2,2025-02-09 10:00:00,cancelled,1520.0
205,178,2024-07-24 15:00:00,completed,1088.37
206,178,2025-05-17 18:00:00,completed,628.15
207,52,2024-07-03 21:00:00,cancelled,523.05
208,54,2025-03-24 09:00:00,refunded,850.53
209,128,2024-05-22 20:00:00,completed,541.21
210,97,2024-03-16 14:00:00,cancelled,635.83
211,93,2025-07-03 19:00:00,refunded,176.56
212,169,2024-12-29 05:00:00,refunded,622.5
213,174,2025-02-13 10:00:00,completed,228.66
214,67,2024-08-15 16:00:00,refunded,395.66
215,198,2025-05-27 04:00:00,completed,146.22
216,76,2025-03-01 02:00:00,completed,550.44
217,53,2025-06-17 15:00:00,completed,1210.64
218,6,2024-12-17 20:00:00,completed,646.39
219,41,2024-12-04 17:00:00,completed,1564.35
220,51,2025-04-05 18:00:00,completed,1114.15
221,94,2024-11-29 06:00:00,completed,206.49
222,126,2025-06-24 20:00:00,completed,1535.73
223,45,2024-10-31 19:00:00,cancelled,261.04
224,31,2024-09-01 09:00:00,completed,822.43
225,108,2024-05-21 18:00:00,completed,289.64
226,48,2024-11-18 14:00:00,cancelled,94.17
227,125,2024-05-19 06:00:00,completed,709.28
228,75,2024-02-03 08:00:00,completed,1608.22
229,131,2024-04-25 18:00:00,completed,847.35
230,56,2025-03-11 03:00:00,refunded,661.68
231,90,2024-03-30 14:00:00,completed,392.29
232,182,2025-03-14 05:00:00,cancelled,314.45
233,137,2024-10-14 19:00:00,cancelled,1380.56
234,69,2025-06-10 21:00:00,completed,597.29
235,33,2024-05-15 07:00:00,completed,891.49
236,69,2025-02-28 12:00:00,completed,153.56
237,132,2024-10-11 22:00:00,completed,1033.15
238,163,2025-01-01 02:00:00,cancelled,1097.07
239,148,2024-05-13 18:00:00,completed,506.41
240,32,2024-06-10 14:00:00,completed,261.2
241,177,2024-05-15 20:00:00,completed,413.27
242,65,2024-03-25 11:00:00,refunded,366.75
243,186,2024-08-27 13:00:00,refunded,176.56
244,55,2025-05-03 02:00:00,completed,181.19
245,179,2024-12-17 03:00:00,completed,286.96
246,23,2024-04-14 03:00:00,completed,627.9
247,37,2024-03-11 16:00:00,cancelled,894.63
248,43,2025-03-26 11:00:00,refunded,1352.61
249,114,2024-08-10 02:00:00,completed,602.83
250,90,2025-03-15 10:00:00,completed,316.91
251,154,2024-10-18 22:00:00,completed,1295.17
252,101,2024-10-29 20:00:00,completed,77.82
253,128,2024-03-13 16:00:00,completed,1049.79
254,140,2024-06-25 15:00:00,completed,49.01
255,4,2024-09-25 06:00:00,completed,504.72
256,74,2025-05-28 13:00:00,completed,941.62
257,131,2024-07-27 04:00:00,cancelled,624.25
258,187,2024-09-01 01:00:00,completed,261.2
259,117,2024-02-26 09:00:00,refunded,733.47
260,180,2024-01-12 05:00:00,completed,997.71
261,200,2024-10-02 23:00:00,completed,144.22
262,70,2025-06-20 02:00:00,completed,118.78
263,131,2025-01-03 01:00:00,completed,537.48
264,147,2024-04-28 07:00:00,refunded,149.79
265,63,2024-02-17 15:00:00,completed,1291.5
266,58,2024-11-25 07:00:00,completed,866.01
267,173,2024-02-23 05:00:00,completed,168.24
268,120,2024-10-16 09:00:00,completed,53.7
269,3,2025-01-12 06:00:00,completed,1570.92
270,198,2024-07-19 23:00:00,cancelled,563.38
271,60,2024-12-20 20:00:00,refunded,72.11
272,195,2025-01-20 23:00:00,refunded,664.6
273,16,2024-05-25 22:00:00,completed,149.79
274,134,2025-02-26 22:00:00,completed,656.41
275,152,2024-03-04 13:00:00,refunded,1003.4
276,101,2024-11-30 10:00:00,completed,414.78
277,40,2024-04-18 05:00:00,completed,1169.87
278,119,2024-09-28 03:00:00,completed,466.04
279,84,2024-05-31 02:00:00,refunded,450.75
280,174,2024-11-02 08:00:00,completed,336.48
281,143,2024-09-12 03:00:00,completed,130.52
282,4,2024-03-04 07:00:00,completed,992.43
283,166,2024-03-27 18:00:00,cancelled,542.6
284,24,2024-12-05 03:00:00,completed,1131.15
285,98,2025-03-12 05:00:00,completed,364.04
286,39,2024-02-05 19:00:00,cancelled,764.37
287,123,2024-03-03 02:00:00,completed,1248.75
288,98,2025-01-02 15:00:00,cancelled,933.45
289,82,2024-08-12 00:00:00,completed,438.66
290,92,2024-08-26 05:00:00,completed,885.51
291,15,2024-08-12 18:00:00,completed,963.73
292,92,2024-01-29 22:00:00,refunded,998.26
293,45,2025-05-17 01:00:00,completed,489.24
294,57,2024-01-21 16:00:00,completed,216.33
295,52,2024-05-13 10:00:00,refunded,260.72
296,151,2024-05-25 03:00:00,cancelled,710.16
297,78,2024-11-26 04:00:00,completed,1147.81
298,171,2024-06-28 12:00:00,completed,1135.23
299,198,2024-02-03 05:00:00,cancelled,831.87
300,85,2024-03-20 07:00:00,completed,645.68
301,54,2024-09-12 22:00:00,completed,879.27
302,188,2025-03-05 05:00:00,completed,921.89
303,58,2024-06-15 14:00:00,completed,293.1
304,82,2024-09-24 03:00:00,completed,796.19
305,153,2025-05-09 22:00:00,completed,1053.61
306,105,2024-09-28 21:00:00,completed,977.15
307,126,2024-06-06 01:00:00,completed,261.2
308,76,2025-05-06 06:00:00,completed,98.09
309,164,2024-10-25 02:00:00,completed,362.1
310,121,2025-05-15 21:00:00,completed,48.56
311,48,2025-01-14 12:00:00,completed,370.1
312,120,2024-09-26 07:00:00,completed,502.08
313,171,2024-04-09 02:00:00,refunded,923.82
314,100,2025-06-19 13:00:00,cancelled,1244.41
315,129,2025-06-13 18:00:00,refunded,203.53
316,55,2024-07-16 04:00:00,completed,1336.0
317,18,2024-03-30 12:00:00,cancelled,1001.83
318,151,2025-06-19 13:00:00,completed,1191.99
319,138,2024-12-18 13:00:00,completed,1129.31
320,37,2025-02-15 01:00:00,completed,583.6
321,87,2024-11-06 09:00:00,completed,1478.98
322,187,2025-03-02 19:00:00,refunded,81.18
323,55,2025-02-20 23:00:00,completed,806.07
324,130,2025-02-17 04:00:00,cancelled,95.45
325,52,2024-02-29 07:00:00,completed,640.23
326,163,2024-05-06 21:00:00,completed,606.49
327,46,2025-04-30 18:00:00,cancelled,988.36
328,73,2024-01-29 12:00:00,completed,501.77
329,58,2024-07-30 08:00:00,refunded,1183.15
330,3,2024-08-17 08:00:00,cancelled,732.4
331,56,2025-04-22 09:00:00,refunded,1424.57
332,153,2024-10-16 09:00:00,refunded,146.22
333,87,2024-10-10 20:00:00,completed,652.57
334,15,2025-02-17 21:00:00,completed,409.68
335,108,2025-02-18 12:00:00,refunded,147.03
336,147,2024-07-13 10:00:00,refunded,365.28
337,130,2024-11-03 05:00:00,refunded,762.76
338,190,2024-09-21 23:00:00,cancelled,225.67
339,58,2024-11-10 13:00:00,completed,772.87
340,14,2024-03-13 15:00:00,completed,55.29
341,77,2025-02-27 01:00:00,completed,297.51
342,118,2024-05-26 10:00:00,refunded,331.73
343,46,2024-11-16 20:00:00,completed,70.52
344,54,2024-06-21 18:00:00,completed,1610.2
345,123,2025-01-27 00:00:00,completed,1011.12
346,49,2024-01-19 21:00:00,completed,420.33
347,27,2025-01-27 16:00:00,cancelled,865.0
348,187,2025-06-16 19:00:00,cancelled,855.55
349,43,2025-02-17 00:00:00,completed,489.65
350,151,2025-05-31 05:00:00,completed,573.49
351,153,2024-02-19 21:00:00,completed,30.27
352,30,2025-03-02 14:00:00,completed,53.7
353,122,2024-06-05 06:00:00,refunded,362.1
354,170,2024-04-13 21:00:00,cancelled,1272.97
355,185,2024-04-30 09:00:00,completed,59.39
356,156,2024-07-23 08:00:00,cancelled,471.85
357,11,2025-05-23 06:00:00,refunded,1537.45
358,39,2024-04-02 16:00:00,completed,206.49
359,60,2025-04-12 09:00:00,completed,959.23
360,110,2024-04-28 03:00:00,completed,391.56
361,166,2024-06-23 10:00:00,completed,1084.91
362,103,2025-04-12 08:00:00,completed,1786.34
363,27,2025-03-02 18:00:00,completed,922.36
364,34,2025-05-09 15:00:00,completed,682.22
365,174,2025-06-21 23:00:00,cancelled,654.12
366,180,2024-04-07 13:00:00,refunded,721.17
367,165,2025-01-29 04:00:00,cancelled,685.98
368,41,2025-06-01 15:00:00,completed,200.13
369,85,2024-10-11 01:00:00,cancelled,72.13
370,21,2025-04-15 14:00:00,cancelled,1053.23
371,5,2024-04-15 12:00:00,completed,80.55
372,1,2024-04-03 19:00:00,cancelled,515.17
373,88,2025-01-07 01:00:00,completed,1689.38
374,184,2025-04-08 03:00:00,completed,673.65
375,75,2025-06-18 11:00:00,refunded,149.79
376,127,2024-05-23 22:00:00,refunded,882.4
377,118,2024-07-14 22:00:00,completed,283.51
378,163,2024-05-06 14:00:00,completed,864.15
379,13,2025-03-19 18:00:00,completed,242.48
380,27,2025-01-31 21:00:00,cancelled,577.24
381,71,2025-02-11 10:00:00,completed,2125.5
382,183,2024-08-10 06:00:00,completed,960.42
383,164,2024-11-26 22:00:00,completed,666.24
384,107,2025-06-30 09:00:00,completed,145.93
385,7,2025-01-25 04:00:00,completed,81.18
386,193,2024-06-13 09:00:00,refunded,490.73
387,92,2025-04-08 03:00:00,cancelled,82.14
388,179,2024-10-21 22:00:00,refunded,36.86
389,107,2024-11-16 17:00:00,completed,68.83
390,159,2025-03-29 07:00:00,refunded,406.84
391,76,2025-04-04 05:00:00,refunded,95.45
392,189,2025-06-10 03:00:00,completed,522.4
393,143,2024-09-27 04:00:00,completed,932.44
394,40,2024-11-26 19:00:00,completed,406.83
395,82,2025-06-22 07:00:00,completed,79.48
396,107,2025-07-03 12:00:00,completed,666.56
397,56,2025-06-27 15:00:00,cancelled,504.81
398,89,2025-04-01 07:00:00,refunded,550.21
399,99,2024-09-19 17:00:00,refunded,1199.28
400,125,2024-02-14 09:00:00,refunded,330.11
401,43,2025-07-04 17:00:00,completed,294.27
402,162,2024-08-06 21:00:00,completed,294.27
403,180,2025-03-21 20:00:00,completed,785.05
404,10,2024-03-30 02:00:00,completed,149.38
405,59,2024-09-21 13:00:00,completed,1807.06
406,2,2024-03-05 23:00:00,cancelled,140.74
407,129,2024-04-18 09:00:00,refunded,1309.74
408,170,2024-02-01 15:00:00,completed,728.04
409,163,2024-05-27 09:00:00,refunded,422.87
410,147,2025-02-07 17:00:00,cancelled,181.05
411,192,2024-12-18 06:00:00,completed,498.69
412,65,2024-07-17 03:00:00,completed,53.7
413,166,2024-03-15 09:00:00,refunded,68.83
414,51,2025-05-13 10:00:00,completed,946.88
415,18,2024-07-17 10:00:00,completed,1607.91
416,81,2025-03-14 05:00:00,completed,1004.56
417,174,2024-12-05 15:00:00,completed,533.94
418,21,2024-10-14 04:00:00,cancelled,276.86
419,5,2025-06-03 20:00:00,completed,895.36
420,168,2024-06-01 11:00:00,completed,635.21
421,129,2025-06-06 02:00:00,completed,1133.02
422,194,2025-06-10 04:00:00,completed,908.85
423,38,2025-05-10 11:00:00,completed,385.55
424,95,2024-08-27 01:00:00,refunded,617.0
425,117,2024-02-17 01:00:00,refunded,1081.25
426,140,2024-06-27 12:00:00,refunded,931.32
427,104,2024-12-27 11:00:00,completed,1008.64
428,132,2024-10-14 06:00:00,completed,1124.73
429,31,2024-08-23 13:00:00,completed,438.66
430,123,2025-05-05 06:00:00,cancelled,428.96
431,33,2024-06-13 04:00:00,refunded,207.5
432,15,2024-06-19 08:00:00,completed,1662.69
433,121,2025-05-08 05:00:00,completed,1694.98
434,43,2024-12-16 14:00:00,cancelled,326.16
435,99,2024-05-15 03:00:00,completed,596.75
436,39,2024-04-08 05:00:00,completed,72.84
437,193,2024-04-30 02:00:00,completed,357.83
438,167,2025-03-17 16:00:00,completed,964.05
439,90,2024-04-10 13:00:00,completed,1012.02
440,105,2024-09-20 06:00:00,completed,622.5
441,31,2025-06-16 00:00:00,completed,784.77
442,40,2025-03-12 20:00:00,cancelled,1038.65
443,71,2025-02-10 06:00:00,completed,889.03
444,199,2025-02-11 23:00:00,completed,326.16
445,180,2024-06-14 03:00:00,completed,1030.53
446,24,2024-05-28 15:00:00,cancelled,593.5
447,186,2025-01-28 12:00:00,cancelled,1066.05
448,3,2024-07-25 21:00:00,cancelled,1426.11
449,60,2024-06-22 21:00:00,completed,1090.6
450,91,2025-02-08 12:00:00,cancelled,1123.77
451,18,2024-04-02 17:00:00,completed,695.24
452,104,2024-01-05 08:00:00,completed,715.63
453,132,2024-09-20 17:00:00,cancelled,503.95
454,199,2025-04-14 21:00:00,completed,146.22
455,67,2024-03-10 12:00:00,refunded,827.42
456,133,2025-07-02 00:00:00,refunded,1526.84
457,88,2024-03-18 17:00:00,completed,1512.2
458,49,2025-05-25 23:00:00,completed,277.43
459,52,2024-09-12 19:00:00,completed,681.37
460,170,2025-05-19 19:00:00,completed,292.44
461,159,2024-11-18 15:00:00,cancelled,389.16
462,193,2024-05-11 01:00:00,cancelled,869.85
463,118,2024-05-03 22:00:00,cancelled,1213.59
464,157,2024-09-22 05:00:00,cancelled,1091.38
465,48,2025-05-25 13:00:00,completed,859.64
466,176,2024-08-22 03:00:00,refunded,705.25
467,190,2024-06-02 15:00:00,completed,461.68
468,133,2025-06-30 23:00:00,completed,968.06
469,42,2024-03-02 06:00:00,completed,846.46
470,66,2024-12-18 00:00:00,completed,282.51
471,156,2024-07-22 18:00:00,cancelled,868.71
472,131,2025-05-14 23:00:00,completed,55.29
473,74,2025-04-19 20:00:00,completed,1066.86
474,147,2025-02-18 02:00:00,completed,470.38
475,168,2024-10-25 22:00:00,completed,704.38
476,48,2024-01-24 04:00:00,refunded,145.61
477,102,2024-04-15 03:00:00,completed,572.57
478,159,2024-06-08 02:00:00,refunded,1353.04
479,135,2024-06-23 00:00:00,completed,1567.38
480,114,2024-05-18 22:00:00,cancelled,952.99
481,192,2025-03-21 16:00:00,refunded,288.95
482,79,2025-01-09 13:00:00,completed,867.03
483,195,2024-05-19 11:00:00,completed,688.44
484,153,2024-08-24 00:00:00,cancelled,675.05
485,42,2025-02-03 12:00:00,completed,1639.74
486,176,2024-10-05 09:00:00,refunded,464.84
487,29,2025-04-11 19:00:00,completed,696.4
488,13,2025-07-01 00:00:00,completed,586.2
489,33,2025-03-24 23:00:00,completed,411.5
490,56,2024-12-16 13:00:00,completed,630.93
491,199,2025-02-05 02:00:00,cancelled,360.96
492,99,2025-03-29 07:00:00,refunded,81.18
493,189,2024-04-06 16:00:00,refunded,475.52
494,83,2024-06-11 20:00:00,refunded,80.55
495,32,2024-09-16 15:00:00,refunded,294.43
496,61,2025-03-20 10:00:00,completed,184.59
497,63,2024-01-10 01:00:00,cancelled,854.27
498,176,2024-12-12 20:00:00,completed,282.51
499,40,2025-07-03 03:00:00,completed,1199.07
500,177,2025-01-21 11:00:00,refunded,587.03
501,113,2024-10-28 17:00:00,refunded,831.09
502,71,2024-06-13 02:00:00,cancelled,949.82
503,94,2025-04-09 00:00:00,refunded,1515.93
504,17,2025-01-31 06:00:00,cancelled,1869.25
505,29,2024-04-08 16:00:00,refunded,149.79
506,46,2024-02-02 06:00:00,completed,1339.26
507,135,2024-09-19 01:00:00,completed,355.36
508,168,2025-05-18 02:00:00,completed,487.71
509,191,2025-03-01 11:00:00,refunded,596.42
510,136,2024-02-11 23:00:00,completed,606.25
511,60,2025-06-28 12:00:00,completed,1063.59
512,46,2025-03-01 23:00:00,completed,965.23
513,103,2025-05-31 10:00:00,refunded,618.54
514,81,2024-11-28 11:00:00,completed,2076.58
515,191,2024-09-17 11:00:00,completed,1475.85
516,78,2024-01-07 09:00:00,completed,1042.79
517,142,2025-06-07 17:00:00,cancelled,652.7
518,40,2024-05-21 08:00:00,completed,394.99
519,147,2025-02-13 18:00:00,completed,501.26
520,45,2025-05-14 22:00:00,refunded,854.97
521,77,2024-02-08 23:00:00,cancelled,340.02
522,192,2024-01-12 20:00:00,refunded,1150.91
523,84,2025-05-29 22:00:00,completed,524.9
524,148,2025-05-31 02:00:00,completed,1480.72
525,191,2024-02-20 17:00:00,completed,737.76
526,196,2024-05-18 15:00:00,cancelled,682.89
527,51,2025-06-20 07:00:00,completed,173.14
528,83,2024-04-01 03:00:00,refunded,1251.82
529,7,2024-11-08 05:00:00,completed,870.93
530,40,2024-03-28 03:00:00,refunded,625.8
531,38,2024-10-21 00:00:00,completed,362.1
532,121,2024-01-24 10:00:00,completed,342.83
533,141,2025-05-09 19:00:00,refunded,491.64
534,135,2024-02-14 08:00:00,completed,293.1
535,179,2024-10-04 01:00:00,completed,140.74
536,170,2024-10-04 21:00:00,refunded,1113.68
537,98,2025-06-04 22:00:00,completed,368.66
538,129,2025-04-13 17:00:00,refunded,149.79
539,136,2024-11-08 10:00:00,completed,1018.08
540,161,2024-09-20 12:00:00,completed,900.35
541,23,2025-01-26 16:00:00,refunded,1059.13
542,110,2024-11-15 19:00:00,completed,611.5
543,80,2025-06-20 04:00:00,completed,627.34
544,143,2025-06-29 23:00:00,completed,919.25
545,196,2024-11-22 13:00:00,completed,289.19
546,48,2024-01-27 19:00:00,cancelled,1205.7
547,60,2024-01-27 11:00:00,completed,1346.2
548,100,2025-05-18 15:00:00,completed,366.75
549,196,2024-01-16 08:00:00,completed,138.68
550,113,2025-05-16 22:00:00,completed,2195.25
551,81,2025-02-07 19:00:00,refunded,145.93
552,116,2025-04-12 01:00:00,completed,786.51
553,113,2025-02-11 09:00:00,completed,2173.45
554,119,2025-04-07 02:00:00,refunded,286.35
555,179,2024-05-18 12:00:00,completed,793.22
556,52,2025-04-10 02:00:00,completed,870.71
557,163,2025-01-06 02:00:00,cancelled,1065.63
558,86,2024-06-02 05:00:00,completed,587.2
559,187,2025-04-01 09:00:00,refunded,298.79
560,160,2024-09-16 00:00:00,completed,1226.69
561,169,2025-05-02 14:00:00,completed,2112.1
562,143,2024-07-31 01:00:00,completed,104.26
563,9,2024-11-01 10:00:00,completed,353.12
564,46,2024-06-14 21:00:00,completed,397.71
565,24,2024-11-02 10:00:00,completed,1308.09
566,71,2024-12-03 16:00:00,completed,396.3
567,147,2025-06-25 02:00:00,completed,2129.26
568,160,2024-12-28 04:00:00,cancelled,813.21
569,1,2024-05-01 00:00:00,completed,294.27
570,107,2025-02-27 01:00:00,completed,864.62
571,73,2024-09-17 02:00:00,completed,858.22
572,86,2024-12-15 12:00:00,refunded,95.45
573,85,2024-12-12 21:00:00,completed,1483.79
574,119,2025-02-27 23:00:00,completed,899.98
575,148,2024-12-05 11:00:00,completed,464.04
576,161,2025-07-01 05:00:00,cancelled,1542.19
577,70,2025-02-27 02:00:00,completed,360.4
578,135,2024-11-05 05:00:00,completed,498.13
579,124,2025-05-27 04:00:00,completed,619.42
580,133,2024-05-15 06:00:00,refunded,348.7
581,183,2025-06-18 03:00:00,completed,946.34
582,27,2025-06-17 21:00:00,refunded,1005.95
583,52,2024-07-16 09:00:00,completed,376.67
584,30,2024-01-16 19:00:00,cancelled,294.27
585,90,2024-11-22 08:00:00,completed,1261.72
586,87,2025-03-30 01:00:00,completed,438.66
587,13,2024-04-18 12:00:00,completed,522.4
588,46,2025-04-01 19:00:00,completed,226.13
589,34,2024-04-05 22:00:00,completed,348.7
590,176,2025-04-21 15:00:00,completed,931.14
591,101,2024-07-06 22:00:00,refunded,543.76
592,29,2024-12-25 15:00:00,completed,1161.81
593,33,2025-06-04 03:00:00,completed,751.89
594,167,2024-03-13 09:00:00,cancelled,1612.86
595,124,2025-01-28 02:00:00,completed,881.62
596,88,2024-08-29 05:00:00,refunded,415.0
597,30,2025-04-19 10:00:00,cancelled,35.26
598,79,2025-02-19 02:00:00,cancelled,569.98
599,84,2025-05-21 20:00:00,refunded,76.78
600,36,2024-01-01 04:00:00,refunded,119.08
601,158,2025-04-02 06:00:00,completed,1219.35
602,150,2024-01-09 19:00:00,cancelled,1182.46
603,144,2025-01-02 03:00:00,completed,417.2
604,180,2025-02-07 20:00:00,completed,533.29
605,36,2024-07-11 17:00:00,completed,1310.99
606,3,2024-03-14 20:00:00,completed,320.59
607,36,2025-03-01 14:00:00,refunded,1390.43
608,91,2024-08-19 05:00:00,completed,415.0
609,188,2024-08-30 22:00:00,cancelled,798.8
610,146,2025-05-09 22:00:00,completed,98.02
611,177,2024-03-22 04:00:00,refunded,1037.62
612,63,2025-04-28 20:00:00,refunded,72.84
613,80,2024-02-24 10:00:00,cancelled,292.44
614,132,2025-04-25 18:00:00,refunded,954.29
615,178,2024-11-07 23:00:00,cancelled,497.76
616,169,2024-10-25 23:00:00,cancelled,586.2
617,22,2024-05-09 16:00:00,completed,995.12
618,4,2024-04-24 19:00:00,completed,360.4
619,180,2024-08-29 15:00:00,completed,72.11
620,38,2024-06-06 15:00:00,completed,1254.35
621,165,2024-09-27 03:00:00,completed,685.18
622,122,2025-06-29 07:00:00,completed,987.85
623,98,2024-11-19 16:00:00,refunded,529.68
624,164,2024-12-28 13:00:00,cancelled,933.61
625,101,2025-04-17 21:00:00,refunded,228.21
626,174,2024-07-03 10:00:00,cancelled,228.66
627,4,2025-02-25 03:00:00,cancelled,70.52
628,57,2024-10-17 08:00:00,completed,436.35
629,24,2024-02-28 19:00:00,refunded,1023.24
630,23,2024-05-13 12:00:00,refunded,527.44
631,120,2024-03-18 20:00:00,completed,649.49
632,199,2024-03-04 12:00:00,completed,279.91
633,52,2025-02-06 05:00:00,refunded,1012.68
634,114,2024-09-22 03:00:00,completed,211.11
635,187,2024-09-13 14:00:00,completed,1049.61
636,101,2024-01-04 16:00:00,refunded,1008.84
637,177,2025-05-08 03:00:00,cancelled,1119.98
638,24,2025-01-09 17:00:00,completed,348.7
639,166,2024-07-26 05:00:00,cancelled,55.29
640,49,2024-11-02 22:00:00,completed,188.34
641,22,2025-03-24 23:00:00,completed,271.56
642,152,2024-09-01 15:00:00,completed,72.84
643,79,2025-05-26 17:00:00,completed,299.58
644,15,2024-12-11 23:00:00,completed,1468.06
645,149,2024-08-26 02:00:00,completed,555.13
646,12,2024-09-05 22:00:00,refunded,781.43
647,79,2024-04-09 14:00:00,cancelled,119.38
648,128,2024-08-13 02:00:00,completed,1641.21
649,83,2024-08-06 01:00:00,cancelled,212.85
650,37,2025-03-01 05:00:00,refunded,699.13
651,35,2024-04-12 20:00:00,cancelled,493.96
652,181,2024-10-17 13:00:00,refunded,1009.03
653,45,2024-02-08 19:00:00,completed,1310.52
654,50,2024-04-30 16:00:00,completed,776.24
655,54,2024-10-10 01:00:00,completed,502.08
656,122,2025-05-24 05:00:00,completed,30.27
657,94,2024-10-18 06:00:00,completed,893.37
658,14,2025-07-04 05:00:00,completed,178.17
659,30,2024-03-13 07:00:00,refunded,1506.53
660,200,2024-04-22 10:00:00,completed,625.8
661,106,2024-07-23 12:00:00,completed,438.66
662,125,2024-02-25 13:00:00,completed,646.91
663,96,2024-05-19 14:00:00,refunded,267.31
664,33,2024-02-02 22:00:00,cancelled,86.57
665,29,2025-04-21 14:00:00,completed,633.46
666,41,2024-06-23 18:00:00,cancelled,797.36
667,56,2025-04-29 14:00:00,completed,783.6
668,64,2024-09-10 10:00:00,completed,314.39
669,107,2024-02-15 01:00:00,completed,783.6
670,101,2025-05-05 22:00:00,completed,969.23
671,56,2024-05-15 11:00:00,completed,589.91
672,79,2024-06-14 22:00:00,completed,348.7
673,198,2024-05-21 22:00:00,completed,1010.76
674,1,2024-03-13 12:00:00,refunded,1470.74
675,157,2024-07-31 21:00:00,completed,414.71
676,94,2025-04-21 19:00:00,completed,663.71
677,182,2024-07-28 04:00:00,completed,409.38
678,189,2024-08-02 23:00:00,completed,614.61
679,14,2024-03-05 11:00:00,completed,1299.82
680,137,2024-10-26 14:00:00,cancelled,459.66
681,46,2024-10-22 02:00:00,completed,427.98
682,128,2024-06-03 06:00:00,cancelled,586.2
683,175,2024-05-15 15:00:00,completed,595.58
684,166,2024-12-09 13:00:00,cancelled,1077.09
685,141,2025-03-31 14:00:00,completed,574.44
686,124,2025-01-15 09:00:00,completed,481.44
687,159,2024-06-13 22:00:00,cancelled,475.15
688,82,2024-05-09 14:00:00,completed,464.99
689,82,2024-12-18 04:00:00,completed,979.33
690,118,2024-11-23 04:00:00,completed,1648.02
691,187,2025-03-28 10:00:00,refunded,146.22
692,36,2024-04-29 09:00:00,completed,942.14
693,165,2024-07-18 18:00:00,cancelled,127.16
694,138,2025-04-01 21:00:00,refunded,158.96
695,50,2025-05-17 10:00:00,cancelled,325.14
696,38,2025-03-13 11:00:00,completed,1231.86
697,144,2024-03-30 06:00:00,refunded,2225.03
698,36,2024-03-29 04:00:00,completed,728.23
699,23,2024-01-07 13:00:00,refunded,933.92
700,194,2024-05-20 06:00:00,completed,1085.11
701,144,2025-04-19 07:00:00,completed,334.72
702,77,2025-04-28 03:00:00,refunded,1196.27
703,8,2024-05-02 08:00:00,completed,854.97
704,93,2025-05-07 18:00:00,completed,1431.18
705,5,2024-09-22 05:00:00,cancelled,334.72
706,119,2024-05-18 11:00:00,completed,173.14
707,108,2024-12-30 01:00:00,completed,436.52
708,196,2024-04-06 19:00:00,completed,1554.75
709,93,2024-04-08 17:00:00,cancelled,1220.44
710,200,2025-05-11 13:00:00,completed,470.83
711,57,2024-07-11 17:00:00,cancelled,567.02
712,20,2024-04-29 04:00:00,completed,1480.24
713,45,2024-11-07 00:00:00,refunded,163.08
714,178,2024-05-25 22:00:00,completed,632.09
715,20,2024-01-20 15:00:00,completed,40.59
716,9,2025-06-09 18:00:00,completed,763.19
717,32,2024-07-29 18:00:00,completed,239.62
718,192,2024-10-11 18:00:00,completed,1345.41
719,18,2024-04-11 18:00:00,completed,919.89
720,2,2024-04-11 06:00:00,cancelled,702.69
721,98,2025-03-10 06:00:00,cancelled,735.29
722,120,2024-04-22 16:00:00,completed,952.26
723,99,2024-10-17 14:00:00,cancelled,450.38
724,49,2024-03-12 15:00:00,refunded,633.79
725,113,2025-06-19 21:00:00,refunded,168.27
726,102,2025-02-14 22:00:00,cancelled,212.34
727,94,2024-07-22 10:00:00,completed,1787.55
728,70,2025-02-13 11:00:00,completed,619.55
729,126,2025-05-24 07:00:00,refunded,612.91
730,18,2025-05-25 21:00:00,completed,625.27
731,40,2024-11-06 19:00:00,cancelled,211.11
732,193,2025-06-16 15:00:00,completed,764.37
733,67,2024-12-17 17:00:00,cancelled,299.58
734,31,2025-01-27 14:00:00,completed,1214.76
735,43,2025-05-18 13:00:00,completed,570.0
736,169,2025-04-26 15:00:00,cancelled,179.14
737,127,2025-01-21 19:00:00,refunded,1055.08
738,33,2025-01-10 11:00:00,refunded,144.22
739,25,2025-03-14 11:00:00,completed,1099.45
740,79,2024-04-27 10:00:00,completed,48.56
741,10,2025-04-16 21:00:00,completed,816.94
742,100,2024-11-26 18:00:00,completed,1027.56
743,158,2024-11-02 11:00:00,completed,248.54
744,74,2024-09-28 01:00:00,completed,1309.29
745,18,2025-06-27 15:00:00,completed,423.25
746,130,2024-11-03 13:00:00,refunded,1436.43
747,117,2024-07-03 00:00:00,refunded,385.67
748,191,2025-04-23 08:00:00,refunded,621.7
749,39,2024-11-03 13:00:00,completed,1187.45
750,42,2024-09-19 21:00:00,cancelled,376.84
751,50,2024-01-29 07:00:00,completed,758.43
752,8,2024-09-21 08:00:00,refunded,209.18
753,22,2024-11-17 19:00:00,completed,567.02
754,172,2024-04-02 12:00:00,refunded,1130.61
755,129,2024-05-03 16:00:00,refunded,672.15
756,85,2025-02-03 23:00:00,refunded,359.29
757,45,2024-08-07 08:00:00,completed,394.17
758,82,2025-03-09 15:00:00,refunded,507.86
759,184,2025-01-11 09:00:00,completed,30.27
760,172,2024-09-02 08:00:00,cancelled,867.01
761,101,2024-09-18 09:00:00,completed,377.23
762,162,2024-11-20 20:00:00,completed,86.57
763,200,2025-05-18 15:00:00,refunded,1480.75
764,91,2025-03-06 19:00:00,refunded,969.49
765,162,2025-03-30 20:00:00,completed,168.24
766,161,2024-11-08 10:00:00,cancelled,168.27
767,64,2025-06-12 22:00:00,refunded,1137.0
768,123,2024-05-16 08:00:00,completed,744.16
769,101,2025-01-21 18:00:00,completed,436.35
770,166,2024-08-22 02:00:00,completed,493.51
771,159,2025-03-15 19:00:00,completed,564.49
772,31,2024-01-15 22:00:00,cancelled,1076.87
773,74,2025-05-21 12:00:00,completed,1107.96
774,8,2024-10-24 08:00:00,completed,643.54
775,83,2025-02-11 21:00:00,completed,1255.37
776,86,2024-08-28 15:00:00,completed,457.32
777,130,2025-01-25 09:00:00,completed,717.99
778,44,2025-05-30 15:00:00,completed,985.01
779,81,2024-02-15 04:00:00,completed,1694.94
780,133,2024-11-16 13:00:00,completed,733.95
781,14,2024-07-12 04:00:00,completed,490.48
782,42,2025-04-23 13:00:00,completed,585.29
783,185,2024-05-31 03:00:00,completed,196.18
784,47,2024-06-21 23:00:00,cancelled,965.78
785,197,2024-07-03 13:00:00,completed,295.34
786,73,2024-05-04 12:00:00,completed,250.63
787,8,2024-03-24 14:00:00,refunded,1976.22
788,116,2024-11-28 23:00:00,refunded,314.45
789,83,2024-02-26 23:00:00,completed,577.54
790,54,2024-06-15 12:00:00,completed,1214.41
791,80,2024-05-14 11:00:00,refunded,487.71
792,52,2025-05-16 14:00:00,completed,1855.15
793,48,2025-03-20 20:00:00,completed,449.37
794,88,2025-04-19 21:00:00,completed,615.96
795,135,2024-03-26 09:00:00,completed,1044.9
796,134,2025-03-13 09:00:00,cancelled,26.85
797,12,2025-06-09 03:00:00,cancelled,1891.34
798,21,2025-05-30 00:00:00,completed,1148.76
799,151,2025-04-10 21:00:00,completed,461.83
800,155,2024-09-22 21:00:00,completed,903.11
